Timestamp,Sonar_Dist_cm,IR_Left,IR_Right,Laser_Left_cm,Laser_Right_cm,Laser_Active,Gyro_Z_degs,Target_Throttle,Target_Steering,Actual_PWM_L,Actual_PWM_R,Battery_V,Current_A,RPM,Status_Msg
1772089818.422,64.1,0,0,200.0,200.0,1,-1.47,21.6,23.2,20.0,6.0,9.22,5.80,0.0,üî• HIGH-SPEED CARVE!
1772089818.478,64.5,0,0,200.0,200.0,1,-1.47,36.7,32.4,40.0,1.7,9.22,5.80,0.0,üî• HIGH-SPEED CARVE!
1772089818.534,63.7,0,0,200.0,200.0,1,-1.02,47.3,36.2,60.0,4.4,9.03,5.80,0.0,üî• HIGH-SPEED CARVE!
1772089818.590,63.6,0,0,200.0,200.0,1,-1.02,54.7,37.8,80.0,10.0,9.03,5.80,0.0,üî• HIGH-SPEED CARVE!
1772089818.647,62.7,0,0,200.0,200.0,1,-1.02,59.9,38.5,100.0,13.5,9.03,5.80,0.0,üî• HIGH-SPEED CARVE!
1772089818.707,136.1,0,0,200.0,200.0,1,-5.30,66.8,32.4,100.0,26.3,8.29,5.80,0.0,üêç SLALOM (Urg: 0.40)
1772089818.764,74.4,0,0,200.0,200.0,1,-5.30,62.4,28.9,97.3,27.5,8.29,5.80,0.0,üêç SLALOM (Urg: 0.79)
1772089818.820,62.1,0,0,200.0,72.1,1,-5.30,65.3,-48.4,77.3,47.5,8.29,5.80,0.0,üî• HIGH-SPEED CARVE!
1772089818.880,133.2,0,0,200.0,72.1,1,-35.15,70.0,-44.6,57.3,67.5,7.95,5.79,3.0,üêç SLALOM (Urg: 0.42)
1772089818.936,56.8,0,0,200.0,72.1,1,-35.15,70.6,-77.8,37.3,87.5,7.95,5.79,3.0,üî• HIGH-SPEED CARVE!
1772089818.997,134.5,0,0,200.0,72.1,1,-35.15,74.0,-68.0,17.3,100.0,7.95,5.79,3.0,üêç SLALOM (Urg: 0.41)
1772089819.055,94.3,0,0,200.0,72.1,1,-32.34,70.4,-63.7,0.0,100.0,7.75,5.79,3.0,üêç SLALOM (Urg: 0.66)
1772089819.112,75.3,0,0,200.0,200.0,1,-32.34,64.9,-48.0,11.3,100.0,7.75,5.79,3.0,üêç SLALOM (Urg: 0.78)
1772089819.169,76.7,0,0,200.0,200.0,1,48.50,61.3,-35.4,11.1,100.0,7.89,5.79,3.0,üêç SLALOM (Urg: 0.77)
1772089819.228,119.9,0,0,61.4,200.0,1,48.50,65.1,-20.7,31.1,96.8,7.89,5.79,3.0,üêç SLALOM (Urg: 0.50)
1772089819.284,59.9,0,0,61.4,200.0,1,48.50,67.2,51.7,51.1,76.8,7.89,5.79,3.0,üî• HIGH-SPEED CARVE!
1772089819.339,43.4,0,0,61.4,200.0,1,14.94,68.6,80.7,71.1,56.8,7.76,5.79,3.0,üî• HIGH-SPEED CARVE!
1772089819.394,43.0,0,0,61.4,81.8,1,14.94,69.6,47.9,91.1,36.8,7.76,5.79,3.0,üî• HIGH-SPEED CARVE!
1772089819.449,42.4,0,0,61.4,81.8,1,14.94,70.3,34.8,100.0,28.8,7.76,5.79,3.0,üî• HIGH-SPEED CARVE!
1772089819.504,42.8,0,0,61.4,81.8,1,13.50,70.8,29.6,100.0,36.6,7.48,5.79,3.0,üî• HIGH-SPEED CARVE!
1772089819.560,50.6,0,0,200.0,81.8,1,13.50,71.2,-48.2,80.0,56.6,7.48,5.79,3.0,üî• HIGH-SPEED CARVE!
1772089819.615,56.0,0,0,200.0,81.8,1,13.50,71.4,-79.3,60.0,76.6,7.48,5.79,3.0,üî• HIGH-SPEED CARVE!
1772089819.675,123.9,0,0,200.0,200.0,1,-19.18,72.8,-61.6,40.0,96.6,7.56,5.79,3.0,üêç SLALOM (Urg: 0.48)
1772089819.730,35.8,0,0,200.0,200.0,1,-19.18,72.6,2.7,60.0,76.6,7.56,5.79,3.0,üî• HIGH-SPEED CARVE!
1772089819.784,35.5,0,0,200.0,200.0,1,22.27,72.4,28.4,80.0,56.6,7.50,5.79,3.0,üî• HIGH-SPEED CARVE!
1772089819.839,35.5,0,0,51.0,200.0,1,22.27,72.3,71.3,100.0,36.6,7.50,5.79,3.0,üî• HIGH-SPEED CARVE!
1772089819.893,36.7,0,0,51.0,200.0,1,22.27,72.2,88.5,100.0,16.6,7.50,5.79,3.0,üî• HIGH-SPEED CARVE!
1772089819.948,43.0,0,0,51.0,200.0,1,-43.27,72.1,95.4,100.0,16.2,7.45,5.79,153.0,üî• HIGH-SPEED CARVE!
1772089820.008,120.0,0,0,51.0,84.5,1,-43.27,73.0,78.2,100.0,15.0,7.45,5.79,153.0,üêç SLALOM (Urg: 0.50)
1772089820.067,122.2,0,0,51.0,84.5,1,-43.27,73.9,64.3,100.0,5.4,7.45,5.79,153.0,üêç SLALOM (Urg: 0.49)
1772089820.124,69.6,0,0,44.1,84.5,1,-80.33,73.3,51.4,100.0,0.4,7.60,5.79,153.0,üî• HIGH-SPEED CARVE!
1772089820.181,75.9,0,0,44.1,84.5,1,-80.33,66.9,44.6,100.0,1.7,7.60,5.79,153.0,üêç SLALOM (Urg: 0.78)
1772089820.238,75.4,0,0,44.1,84.5,1,-80.33,62.5,39.1,100.0,3.5,7.60,5.79,153.0,üêç SLALOM (Urg: 0.78)
1772089820.294,58.9,0,0,44.1,200.0,1,-101.04,65.3,75.7,100.0,21.0,7.69,5.79,153.0,üî• HIGH-SPEED CARVE!
1772089820.349,48.2,0,0,44.1,200.0,1,-101.04,67.3,90.3,100.0,19.5,7.69,5.79,153.0,üî• HIGH-SPEED CARVE!
1772089820.404,46.6,0,0,44.1,200.0,1,-101.43,68.7,96.1,100.0,18.5,7.58,5.79,153.0,üî• HIGH-SPEED CARVE!
1772089820.459,43.4,0,0,200.0,200.0,1,-101.43,69.7,65.2,100.0,13.8,7.58,5.79,153.0,üî• HIGH-SPEED CARVE!
1772089820.514,42.2,0,0,200.0,200.0,1,-101.43,70.4,53.0,100.0,5.0,7.58,5.79,153.0,üî• HIGH-SPEED CARVE!
1772089820.569,41.0,0,0,200.0,200.0,1,-78.97,70.9,48.3,100.0,1.4,7.57,5.79,153.0,üî• HIGH-SPEED CARVE!
1772089820.624,43.2,0,0,200.0,200.0,1,-78.97,71.2,46.1,100.0,3.6,7.57,5.79,153.0,üî• HIGH-SPEED CARVE!
1772089820.679,39.2,0,0,200.0,200.0,1,-78.97,71.4,45.7,100.0,4.1,7.57,5.79,153.0,üî• HIGH-SPEED CARVE!
1772089820.733,22.5,0,0,200.0,200.0,1,-81.03,71.6,45.6,100.0,4.1,7.62,5.79,153.0,üî• HIGH-SPEED CARVE!
1772089820.786,20.9,0,0,200.0,200.0,1,-81.03,71.7,45.5,100.0,4.2,7.62,5.79,153.0,üî• HIGH-SPEED CARVE!
1772089821.948,53.9,0,0,200.0,200.0,1,63.98,21.6,24.9,80.0,80.0,7.03,5.79,3.0,üî• HIGH-SPEED CARVE!
1772089822.004,55.7,0,0,200.0,200.0,1,106.40,36.7,34.6,61.6,60.0,7.06,5.79,3.0,üî• HIGH-SPEED CARVE!
1772089822.060,56.4,0,0,200.0,200.0,1,106.40,47.3,38.3,76.6,40.0,7.06,5.79,3.0,üî• HIGH-SPEED CARVE!
1772089822.116,53.9,0,0,200.0,200.0,1,59.38,54.7,40.3,93.3,20.0,7.13,5.79,108.0,üî• HIGH-SPEED CARVE!
1772089822.172,52.3,0,0,200.0,200.0,1,59.38,59.9,41.3,99.7,20.1,7.13,5.79,108.0,üî• HIGH-SPEED CARVE!
1772089822.227,51.0,0,0,83.4,200.0,1,59.38,63.5,76.5,100.0,12.3,7.13,5.79,108.0,üî• HIGH-SPEED CARVE!
1772089822.283,49.6,0,0,83.4,200.0,1,-9.27,66.1,90.6,100.0,20.4,7.41,5.79,108.0,üî• HIGH-SPEED CARVE!
1772089822.338,51.2,0,0,83.4,200.0,1,-9.27,67.8,96.2,100.0,19.2,7.41,5.79,108.0,üî• HIGH-SPEED CARVE!
1772089822.394,49.3,0,0,83.4,83.2,1,-9.27,69.1,12.8,85.6,39.2,7.41,5.79,108.0,üî• HIGH-SPEED CARVE!
1772089822.449,47.1,0,0,83.4,83.2,1,-52.81,70.0,-21.0,65.6,59.2,7.42,5.79,108.0,üî• HIGH-SPEED CARVE!
1772089822.505,45.4,0,0,83.4,83.2,1,-52.81,70.6,-34.8,45.6,79.2,7.42,5.79,108.0,üî• HIGH-SPEED CARVE!
1772089822.560,45.2,0,0,200.0,83.2,1,-52.81,71.0,-73.9,25.6,99.2,7.42,5.79,108.0,üî• HIGH-SPEED CARVE!
1772089822.616,42.6,0,0,200.0,83.2,1,-42.91,71.3,-89.6,16.4,100.0,7.20,5.79,108.0,üî• HIGH-SPEED CARVE!
1772089822.671,42.4,0,0,200.0,83.2,1,-42.91,71.5,-95.8,16.6,100.0,7.20,5.79,108.0,üî• HIGH-SPEED CARVE!
1772089822.726,42.2,0,0,200.0,200.0,1,-42.91,71.7,-11.4,36.6,80.0,7.20,5.79,108.0,üî• HIGH-SPEED CARVE!
1772089822.781,42.2,0,0,200.0,200.0,1,6.82,71.8,22.4,56.6,60.0,7.40,5.79,108.0,üî• HIGH-SPEED CARVE!
1772089822.836,40.8,0,0,200.0,200.0,1,6.82,71.8,36.1,76.6,40.0,7.40,5.79,108.0,üî• HIGH-SPEED CARVE!
1772089822.891,39.8,0,0,200.0,200.0,1,47.11,71.9,41.7,96.6,26.0,7.30,5.79,108.0,üî• HIGH-SPEED CARVE!
1772089822.946,37.1,0,0,200.0,200.0,1,47.11,71.9,44.0,100.0,23.2,7.30,5.79,108.0,üî• HIGH-SPEED CARVE!
1772089823.001,37.1,0,0,200.0,200.0,1,47.11,71.9,44.9,100.0,22.1,7.30,5.79,108.0,üî• HIGH-SPEED CARVE!
1772089823.055,36.2,0,0,200.0,200.0,1,-11.98,72.0,45.3,100.0,13.2,7.43,5.79,108.0,üî• HIGH-SPEED CARVE!
1772089823.110,34.2,0,0,200.0,200.0,1,-11.98,72.0,45.4,100.0,13.0,7.43,5.79,108.0,üî• HIGH-SPEED CARVE!
1772089823.164,30.9,0,0,62.4,200.0,1,-11.98,72.0,78.2,100.0,13.3,7.43,5.79,108.0,üî• HIGH-SPEED CARVE!
1772089823.219,28.8,0,0,62.4,200.0,1,-9.76,72.0,91.3,100.0,16.3,7.51,5.79,132.0,üî• HIGH-SPEED CARVE!
1772089823.273,28.5,0,0,62.4,200.0,1,-9.76,72.0,96.5,100.0,16.3,7.51,5.79,132.0,üî• HIGH-SPEED CARVE!
1772089823.327,25.7,0,0,62.4,200.0,1,-9.76,72.0,98.6,100.0,16.3,7.51,5.79,132.0,üî• HIGH-SPEED CARVE!
1772089823.381,24.5,0,0,62.4,200.0,1,-42.11,72.0,99.4,100.0,16.3,7.46,5.79,132.0,üî• HIGH-SPEED CARVE!
1772089823.435,23.9,0,0,200.0,200.0,1,-42.11,72.0,67.1,100.0,8.6,7.46,5.79,132.0,üî• HIGH-SPEED CARVE!
1772089823.489,25.1,0,0,200.0,200.0,1,-42.11,72.0,54.1,100.0,1.3,7.46,5.79,132.0,üî• HIGH-SPEED CARVE!
1772089823.544,24.2,0,0,200.0,200.0,1,-64.77,72.0,49.0,100.0,3.2,7.44,5.79,132.0,üî• HIGH-SPEED CARVE!
1772089823.598,29.1,0,0,200.0,200.0,1,-64.77,72.0,46.9,100.0,5.1,7.44,5.79,132.0,üî• HIGH-SPEED CARVE!
1772089823.652,20.6,0,0,200.0,200.0,1,-64.77,72.0,46.1,100.0,5.8,7.44,5.79,132.0,üî• HIGH-SPEED CARVE!
1772089823.707,36.7,0,0,200.0,200.0,1,-72.52,72.0,45.7,100.0,5.2,7.52,5.79,132.0,üî• HIGH-SPEED CARVE!
1772089824.869,31.9,0,0,200.0,57.7,1,86.76,21.6,-60.0,80.0,100.0,6.99,5.79,81.0,üî• HIGH-SPEED CARVE!
1772089824.924,33.0,0,0,200.0,57.7,1,59.04,36.7,-84.0,60.0,100.0,6.94,5.79,81.0,üî• HIGH-SPEED CARVE!
1772089824.978,34.0,0,0,52.5,57.7,1,59.04,36.2,-63.4,40.0,100.0,6.94,5.79,81.0,üêç SLALOM (Urg: 1.00)
1772089825.033,32.7,0,0,52.5,57.7,1,59.04,35.8,-46.8,28.3,100.0,6.94,5.79,81.0,üêç SLALOM (Urg: 1.00)
1772089825.088,33.0,0,0,52.5,200.0,1,58.38,46.7,41.3,48.3,80.0,7.06,5.79,81.0,üî• HIGH-SPEED CARVE!
1772089825.142,32.7,0,0,52.5,200.0,1,58.38,54.3,76.5,68.3,60.0,7.06,5.79,81.0,üî• HIGH-SPEED CARVE!
1772089825.197,32.8,0,0,52.5,200.0,1,58.38,59.6,90.6,88.3,40.0,7.06,5.79,81.0,üî• HIGH-SPEED CARVE!
1772089825.252,31.4,0,0,200.0,200.0,1,45.45,63.3,63.5,100.0,20.0,7.14,5.79,81.0,üî• HIGH-SPEED CARVE!
1772089825.306,29.9,0,0,200.0,200.0,1,45.45,65.9,52.7,100.0,8.7,7.14,5.79,81.0,üî• HIGH-SPEED CARVE!
1772089825.360,28.6,0,0,200.0,200.0,1,45.45,67.7,48.4,100.0,14.8,7.14,5.79,81.0,üî• HIGH-SPEED CARVE!
1772089825.415,29.3,0,0,200.0,56.9,1,-38.66,69.0,-40.6,80.0,34.8,7.26,5.79,72.0,üî• HIGH-SPEED CARVE!
1772089825.469,28.5,0,0,200.0,56.9,1,-38.66,69.9,-76.3,60.0,54.8,7.26,5.79,72.0,üî• HIGH-SPEED CARVE!
1772089825.523,28.6,0,0,200.0,56.9,1,-46.29,70.5,-90.5,40.0,74.8,7.24,5.79,72.0,üî• HIGH-SPEED CARVE!
1772089825.578,28.3,0,0,200.0,56.9,1,-46.29,71.0,-96.2,20.0,94.8,7.24,5.79,72.0,üî• HIGH-SPEED CARVE!
1772089825.632,26.8,0,0,200.0,56.9,1,-46.29,71.3,-98.5,16.8,100.0,7.24,5.79,72.0,üî• HIGH-SPEED CARVE!
1772089825.686,27.4,0,0,200.0,52.5,1,38.93,71.5,-99.4,16.6,100.0,7.26,5.79,72.0,üî• HIGH-SPEED CARVE!
1772089825.740,28.8,0,0,200.0,52.5,1,38.93,71.6,-99.8,16.5,100.0,7.26,5.79,72.0,üî• HIGH-SPEED CARVE!
1772089825.794,28.2,0,0,200.0,52.5,1,38.93,71.8,-99.9,16.4,100.0,7.26,5.79,72.0,üî• HIGH-SPEED CARVE!
1772089825.849,28.5,0,0,52.5,52.5,1,33.14,60.7,-76.1,21.9,100.0,7.33,5.79,72.0,üêç SLALOM (Urg: 1.00)
1772089825.904,46.0,0,0,52.5,52.5,1,33.14,53.6,-57.2,14.9,100.0,7.33,5.79,72.0,üêç SLALOM (Urg: 0.96)
1772089825.960,45.8,0,0,52.5,52.5,1,33.14,48.6,-42.0,5.7,100.0,7.33,5.79,72.0,üêç SLALOM (Urg: 0.96)
1772089826.015,44.8,0,0,52.5,200.0,1,49.40,55.6,43.2,25.7,80.0,7.35,5.79,72.0,üî• HIGH-SPEED CARVE!
1772089826.070,44.2,0,0,52.5,200.0,1,49.40,60.5,77.3,45.7,60.0,7.35,5.79,72.0,üî• HIGH-SPEED CARVE!
1772089826.126,44.1,0,0,52.5,200.0,1,49.40,64.0,90.9,65.7,40.0,7.35,5.79,72.0,üî• HIGH-SPEED CARVE!
1772089826.181,42.8,0,0,200.0,200.0,1,49.91,66.4,63.2,85.7,20.0,7.30,5.79,72.0,üî• HIGH-SPEED CARVE!
1772089826.236,43.0,0,0,200.0,200.0,1,49.91,68.1,52.1,100.0,11.6,7.30,5.79,72.0,üî• HIGH-SPEED CARVE!
1772089826.291,42.2,0,0,200.0,51.0,1,49.91,69.3,-39.2,80.0,31.6,7.30,5.79,72.0,üî• HIGH-SPEED CARVE!
1772089826.346,42.4,0,0,200.0,51.0,1,-15.21,70.1,-75.7,60.0,51.6,7.26,5.79,72.0,üî• HIGH-SPEED CARVE!
1772089826.401,42.2,0,0,200.0,51.0,1,-15.21,70.7,-90.3,40.0,71.6,7.26,5.79,72.0,üî• HIGH-SPEED CARVE!
1772089826.457,40.6,0,0,200.0,51.0,1,-48.66,71.1,-96.1,20.0,91.6,7.09,5.78,69.0,üî• HIGH-SPEED CARVE!
1772089826.512,41.0,0,0,200.0,51.0,1,-48.66,71.3,-98.4,16.7,100.0,7.09,5.78,69.0,üî• HIGH-SPEED CARVE!
1772089826.567,41.9,0,0,200.0,51.0,1,-48.66,71.5,-99.4,16.6,100.0,7.09,5.78,69.0,üî• HIGH-SPEED CARVE!
1772089826.622,40.3,0,0,200.0,200.0,1,36.49,71.7,-12.5,36.6,91.9,7.29,5.79,69.0,üî• HIGH-SPEED CARVE!
1772089826.677,41.3,0,0,200.0,200.0,1,36.49,71.8,22.1,56.6,71.9,7.29,5.79,69.0,üî• HIGH-SPEED CARVE!
1772089826.733,67.5,0,0,200.0,200.0,1,36.49,71.8,31.4,76.6,51.9,7.29,5.79,69.0,üî• HIGH-SPEED CARVE!
1772089826.789,40.8,0,0,200.0,200.0,1,36.85,71.9,39.7,96.6,31.9,7.11,5.79,69.0,üî• HIGH-SPEED CARVE!
1772089826.845,64.9,0,0,200.0,200.0,1,36.85,71.9,38.9,100.0,28.0,7.11,5.79,69.0,üî• HIGH-SPEED CARVE!
1772089826.901,63.5,0,0,200.0,200.0,1,36.85,71.9,38.9,100.0,28.2,7.11,5.79,69.0,üî• HIGH-SPEED CARVE!
1772089826.958,62.0,0,0,200.0,200.0,1,-10.77,72.0,39.1,100.0,20.2,7.24,5.79,69.0,üî• HIGH-SPEED CARVE!
1772089827.014,60.7,0,0,200.0,200.0,1,-10.77,72.0,39.4,100.0,19.9,7.24,5.79,69.0,üî• HIGH-SPEED CARVE!
1772089827.070,58.8,0,0,59.5,200.0,1,-10.77,72.0,75.8,100.0,11.7,7.24,5.79,69.0,üî• HIGH-SPEED CARVE!
1772089827.124,30.4,0,0,59.5,200.0,1,-11.44,72.0,90.3,100.0,16.3,7.37,5.79,69.0,üî• HIGH-SPEED CARVE!
1772089827.179,29.9,0,0,59.5,200.0,1,-11.44,72.0,96.1,100.0,16.3,7.37,5.79,69.0,üî• HIGH-SPEED CARVE!
1772089827.235,55.7,0,0,59.5,63.9,1,-21.38,63.0,80.4,100.0,21.8,7.36,5.79,69.0,üêç SLALOM (Urg: 0.90)
1772089827.291,54.2,0,0,59.5,63.9,1,-21.38,56.7,67.8,100.0,19.0,7.36,5.79,69.0,üêç SLALOM (Urg: 0.91)
1772089827.346,54.2,0,0,200.0,63.9,1,-21.38,61.3,-32.9,80.0,39.0,7.36,5.79,69.0,üî• HIGH-SPEED CARVE!
1772089827.401,29.9,0,0,200.0,63.9,1,-49.22,64.5,-73.2,60.0,59.0,7.36,5.79,69.0,üî• HIGH-SPEED CARVE!
1772089827.455,23.4,0,0,200.0,63.9,1,-49.22,66.8,-89.3,40.0,79.0,7.36,5.79,69.0,üî• HIGH-SPEED CARVE!
1772089827.508,22.2,0,0,200.0,200.0,1,-49.22,68.3,-8.4,60.0,70.9,7.36,5.79,69.0,üî• HIGH-SPEED CARVE!
1772089827.564,50.1,0,0,200.0,200.0,1,-31.29,69.4,22.2,80.0,50.9,7.13,5.79,108.0,üî• HIGH-SPEED CARVE!
1772089827.620,49.3,0,0,200.0,200.0,1,-31.29,70.2,34.6,100.0,30.9,7.13,5.79,108.0,üî• HIGH-SPEED CARVE!
1772089828.784,69.0,0,0,3.3,72.4,1,82.09,14.7,6.2,80.0,80.0,6.90,5.79,105.0,üêç SLALOM (Urg: 0.82)
1772089828.840,68.5,0,0,200.0,72.4,1,82.09,31.9,-57.5,60.0,100.0,6.90,5.79,105.0,üî• HIGH-SPEED CARVE!
1772089828.904,181.9,0,0,200.0,72.4,0,82.09,49.3,-46.0,40.0,100.0,6.90,5.79,105.0,üõ£Ô∏è CRUISING (Throt 31%)
1772089828.966,161.4,0,0,200.0,72.4,1,37.98,61.5,-41.0,20.0,100.0,6.93,5.79,105.0,üêç SLALOM (Urg: 0.30)
1772089829.025,119.9,0,0,200.0,200.0,1,37.98,65.3,-30.9,21.5,100.0,6.93,5.79,105.0,üêç SLALOM (Urg: 0.50)
1772089829.085,119.8,0,0,200.0,200.0,1,37.98,67.9,-22.8,35.1,100.0,6.93,5.79,105.0,üêç SLALOM (Urg: 0.50)
1772089829.142,66.6,0,0,200.0,200.0,1,41.73,69.1,13.6,55.1,80.0,7.24,5.79,105.0,üî• HIGH-SPEED CARVE!
1772089829.201,117.5,0,0,200.0,200.0,1,41.73,70.3,12.9,75.1,61.3,7.24,5.79,105.0,üêç SLALOM (Urg: 0.52)
1772089829.261,114.7,0,0,200.0,200.0,1,54.37,70.8,12.4,77.2,64.4,7.08,5.79,105.0,üêç SLALOM (Urg: 0.53)
1772089829.319,107.0,0,0,200.0,200.0,1,54.37,70.0,12.1,76.1,63.8,7.08,5.79,105.0,üêç SLALOM (Urg: 0.58)
1772089829.376,60.5,0,0,200.0,200.0,1,54.37,70.6,28.7,96.1,44.9,7.08,5.79,105.0,üî• HIGH-SPEED CARVE!
1772089829.435,108.9,0,0,200.0,200.0,1,-7.79,70.1,25.1,100.0,38.9,7.09,5.79,105.0,üêç SLALOM (Urg: 0.57)
1772089829.493,105.7,0,0,200.0,200.0,1,-7.79,69.2,22.4,96.7,41.6,7.09,5.79,105.0,üêç SLALOM (Urg: 0.59)
1772089829.552,104.9,0,0,200.0,200.0,1,-7.79,68.5,20.2,93.5,43.5,7.09,5.79,105.0,üêç SLALOM (Urg: 0.59)
1772089829.611,105.7,0,0,200.0,200.0,1,-1.64,68.1,18.4,90.0,46.1,7.24,5.79,105.0,üêç SLALOM (Urg: 0.59)
1772089829.670,101.1,0,0,200.0,200.0,1,-1.64,67.1,17.1,87.6,46.7,7.24,5.79,105.0,üêç SLALOM (Urg: 0.62)
1772089829.728,98.6,0,0,200.0,200.0,1,-6.44,66.2,16.1,86.2,46.2,7.23,5.79,135.0,üêç SLALOM (Urg: 0.63)
1772089829.786,96.8,0,0,200.0,200.0,1,-6.44,65.2,15.4,84.4,46.1,7.23,5.79,135.0,üêç SLALOM (Urg: 0.64)
1772089829.844,86.0,0,0,200.0,200.0,1,-6.44,62.8,15.1,81.5,44.0,7.23,5.79,135.0,üêç SLALOM (Urg: 0.71)
1772089829.902,94.3,0,0,200.0,200.0,1,3.89,62.5,14.6,79.2,45.9,7.27,5.79,135.0,üêç SLALOM (Urg: 0.66)
1772089829.960,91.3,0,0,200.0,200.0,1,3.89,61.8,14.3,78.0,45.5,7.27,5.79,135.0,üêç SLALOM (Urg: 0.68)
1772089830.018,94.9,0,0,200.0,200.0,1,3.89,61.8,14.0,77.7,46.0,7.27,5.79,135.0,üêç SLALOM (Urg: 0.66)
1772089830.076,87.9,0,0,200.0,200.0,1,2.14,60.7,13.9,76.7,44.7,7.28,5.79,135.0,üêç SLALOM (Urg: 0.70)
1772089830.134,84.3,0,0,200.0,200.0,1,2.14,59.6,13.9,75.6,43.5,7.28,5.79,135.0,üêç SLALOM (Urg: 0.72)
1772089830.191,82.7,0,0,200.0,200.0,1,-0.74,58.5,13.9,75.0,42.0,7.29,5.79,135.0,üêç SLALOM (Urg: 0.73)
1772089830.248,80.7,0,0,200.0,200.0,1,-0.74,57.5,14.0,74.1,40.8,7.29,5.79,135.0,üêç SLALOM (Urg: 0.75)
1772089830.306,79.1,0,0,200.0,200.0,1,-0.74,56.4,14.1,73.2,39.7,7.29,5.79,135.0,üêç SLALOM (Urg: 0.76)
1772089830.363,87.2,0,0,200.0,200.0,1,-10.10,56.9,14.0,74.9,38.8,7.31,5.79,135.0,üêç SLALOM (Urg: 0.71)
1772089830.420,75.7,0,0,200.0,200.0,1,-10.10,55.4,14.2,73.7,37.2,7.31,5.79,135.0,üêç SLALOM (Urg: 0.78)
1772089830.477,74.2,0,0,200.0,200.0,1,-10.10,54.4,14.4,72.9,35.9,7.31,5.79,135.0,üêç SLALOM (Urg: 0.79)
1772089830.534,72.1,0,0,200.0,200.0,1,-6.80,53.4,14.6,71.6,35.1,7.33,5.79,135.0,üêç SLALOM (Urg: 0.80)
1772089830.591,69.5,0,0,200.0,200.0,1,-6.80,59.0,28.1,91.6,24.8,7.33,5.79,135.0,üî• HIGH-SPEED CARVE!
1772089830.648,73.3,0,0,200.0,200.0,1,-6.80,56.6,25.5,87.7,25.4,7.33,5.79,135.0,üêç SLALOM (Urg: 0.79)
1772089830.704,66.5,0,0,200.0,200.0,1,-1.17,61.2,33.0,100.0,22.0,7.35,5.79,135.0,üî• HIGH-SPEED CARVE!
1772089830.761,66.3,0,0,200.0,200.0,1,-1.17,64.4,36.0,100.0,20.3,7.35,5.79,135.0,üî• HIGH-SPEED CARVE!
1772089830.818,73.6,0,0,200.0,200.0,1,-5.99,60.4,31.8,98.9,21.9,7.39,5.79,270.0,üêç SLALOM (Urg: 0.79)
1772089830.875,78.9,0,0,200.0,200.0,1,-5.99,58.5,28.4,92.9,24.1,7.39,5.79,270.0,üêç SLALOM (Urg: 0.76)
1772089830.931,66.0,0,0,200.0,200.0,1,-5.99,62.5,34.2,100.0,20.5,7.39,5.79,270.0,üî• HIGH-SPEED CARVE!
1772089830.988,66.5,0,0,200.0,200.0,1,-10.63,65.4,36.5,100.0,18.9,7.39,5.79,270.0,üî• HIGH-SPEED CARVE!
1772089831.044,63.4,0,0,200.0,200.0,1,-10.63,67.4,37.9,100.0,18.5,7.39,5.79,270.0,üî• HIGH-SPEED CARVE!
1772089831.100,64.0,0,0,200.0,200.0,1,-10.63,68.8,38.4,100.0,18.9,7.39,5.79,270.0,üî• HIGH-SPEED CARVE!
1772089831.157,65.8,0,0,200.0,200.0,1,0.71,69.7,38.2,100.0,21.5,7.39,5.79,270.0,üî• HIGH-SPEED CARVE!
1772089831.214,68.7,0,0,200.0,200.0,1,0.71,70.4,37.7,100.0,22.7,7.39,5.79,270.0,üî• HIGH-SPEED CARVE!
1772089831.275,147.8,0,0,200.0,200.0,1,0.71,75.7,31.4,100.0,34.4,7.39,5.79,270.0,üêç SLALOM (Urg: 0.33)
1772089831.331,63.4,0,0,200.0,200.0,1,-20.82,74.6,35.9,100.0,24.3,7.37,5.79,270.0,üî• HIGH-SPEED CARVE!
1772089831.387,60.8,0,0,200.0,200.0,1,-20.82,73.8,38.1,100.0,21.1,7.37,5.79,270.0,üî• HIGH-SPEED CARVE!
1772089831.443,60.2,0,0,200.0,200.0,1,-8.41,73.3,39.1,100.0,21.4,7.37,5.79,270.0,üî• HIGH-SPEED CARVE!
1772089831.500,59.3,0,0,200.0,200.0,1,-8.41,72.9,39.6,100.0,20.5,7.37,5.79,270.0,üî• HIGH-SPEED CARVE!
1772089831.558,101.0,0,0,200.0,200.0,1,-8.41,70.5,34.1,100.0,25.9,7.37,5.79,270.0,üêç SLALOM (Urg: 0.62)
1772089831.616,100.0,0,0,200.0,200.0,1,-6.56,68.6,29.7,100.0,31.1,7.37,5.79,270.0,üêç SLALOM (Urg: 0.63)
1772089831.675,96.9,0,0,200.0,200.0,1,-6.56,66.9,26.2,98.8,35.0,7.37,5.79,270.0,üêç SLALOM (Urg: 0.64)
1772089831.733,94.6,0,0,200.0,200.0,1,-6.56,65.4,23.5,94.2,36.7,7.37,5.79,270.0,üêç SLALOM (Urg: 0.66)
1772089831.791,91.8,0,0,200.0,200.0,1,-20.92,63.8,21.4,92.2,35.4,7.30,5.79,270.0,üêç SLALOM (Urg: 0.68)
1772089831.849,89.0,0,0,200.0,200.0,1,-20.92,62.4,19.8,88.9,35.9,7.30,5.79,270.0,üêç SLALOM (Urg: 0.69)
1772089831.906,86.7,0,0,200.0,200.0,1,-9.25,61.1,18.6,84.4,37.7,7.30,5.79,246.0,üêç SLALOM (Urg: 0.71)
1772089831.964,85.2,0,0,200.0,200.0,1,-9.25,59.8,17.6,82.0,37.7,7.30,5.79,246.0,üêç SLALOM (Urg: 0.72)
1772089832.021,82.9,0,0,200.0,175.2,1,-9.25,58.7,12.1,74.3,43.0,7.30,5.79,246.0,üêç SLALOM (Urg: 0.73)
1772089832.079,79.8,0,0,200.0,175.2,1,-3.35,57.3,7.6,66.8,47.8,7.28,5.79,246.0,üêç SLALOM (Urg: 0.75)
1772089832.136,77.1,0,0,200.0,175.2,1,-3.35,56.0,4.0,61.2,50.8,7.28,5.79,246.0,üêç SLALOM (Urg: 0.77)
1772089832.193,75.1,0,0,200.0,175.2,1,-3.35,54.8,1.1,56.6,53.0,7.28,5.79,246.0,üêç SLALOM (Urg: 0.78)
1772089832.250,72.7,0,0,200.0,175.2,1,9.56,53.7,-1.3,50.7,56.6,7.26,5.79,246.0,üêç SLALOM (Urg: 0.80)
1772089832.307,70.3,0,0,200.0,175.2,1,9.56,52.6,-3.3,47.3,57.8,7.26,5.79,246.0,üêç SLALOM (Urg: 0.81)
1772089832.363,67.4,0,0,200.0,200.0,1,-2.82,58.4,21.3,67.3,37.8,7.30,5.79,246.0,üî• HIGH-SPEED CARVE!
1772089832.420,65.5,0,0,200.0,200.0,1,-2.82,62.5,31.5,87.3,24.9,7.30,5.79,246.0,üî• HIGH-SPEED CARVE!
1772089832.476,63.7,0,0,200.0,200.0,1,-2.82,65.3,35.9,100.0,20.9,7.30,5.79,246.0,üî• HIGH-SPEED CARVE!
1772089832.532,61.9,0,0,200.0,200.0,1,-10.69,67.3,37.9,100.0,18.5,7.39,5.79,246.0,üî• HIGH-SPEED CARVE!
1772089832.588,59.1,0,0,200.0,200.0,1,-10.69,68.7,39.2,100.0,17.9,7.39,5.79,246.0,üî• HIGH-SPEED CARVE!
1772089832.644,56.4,0,0,200.0,200.0,1,-10.69,69.7,40.2,100.0,17.4,7.39,5.79,246.0,üî• HIGH-SPEED CARVE!
1772089832.700,54.5,0,0,200.0,200.0,1,-12.38,70.4,40.9,100.0,16.8,7.40,5.79,246.0,üî• HIGH-SPEED CARVE!
1772089832.755,51.3,0,0,200.0,200.0,1,-12.38,70.9,41.7,100.0,16.2,7.40,5.79,246.0,üî• HIGH-SPEED CARVE!
1772089832.811,51.7,0,0,200.0,200.0,1,-12.38,71.2,42.0,100.0,16.2,7.40,5.79,246.0,üî• HIGH-SPEED CARVE!
1772089832.866,46.8,0,0,200.0,200.0,1,-21.83,71.5,42.9,100.0,14.0,7.40,5.79,246.0,üî• HIGH-SPEED CARVE!
1772089832.922,44.6,0,0,200.0,200.0,1,-21.83,71.6,43.7,100.0,13.3,7.40,5.79,246.0,üî• HIGH-SPEED CARVE!
1772089832.977,42.4,0,0,200.0,200.0,1,-21.83,71.7,44.4,100.0,12.6,7.40,5.79,246.0,üî• HIGH-SPEED CARVE!
1772089833.032,40.8,0,0,200.0,200.0,1,-21.93,71.8,44.9,100.0,12.1,7.40,5.79,258.0,üî• HIGH-SPEED CARVE!
1772089833.087,38.7,0,0,200.0,200.0,1,-21.93,71.9,45.3,100.0,11.8,7.40,5.79,258.0,üî• HIGH-SPEED CARVE!
1772089833.142,37.9,0,0,200.0,200.0,1,-16.73,71.9,45.4,100.0,12.4,7.41,5.79,258.0,üî• HIGH-SPEED CARVE!
1772089833.197,36.9,0,0,200.0,200.0,1,-16.73,71.9,45.5,100.0,12.3,7.41,5.79,258.0,üî• HIGH-SPEED CARVE!
1772089833.251,35.5,0,0,200.0,88.6,1,-16.73,72.0,-41.8,80.0,32.3,7.41,5.79,258.0,üî• HIGH-SPEED CARVE!
1772089833.306,32.5,0,0,200.0,88.6,1,-48.71,72.0,-76.7,60.0,52.3,7.41,5.79,258.0,üî• HIGH-SPEED CARVE!
1772089833.360,29.3,0,0,200.0,88.6,1,-48.71,72.0,-90.7,40.0,72.3,7.41,5.79,258.0,üî• HIGH-SPEED CARVE!
1772089833.414,29.1,0,0,200.0,88.6,1,-48.71,72.0,-96.3,20.0,92.3,7.41,5.79,258.0,üî• HIGH-SPEED CARVE!
1772089833.469,26.0,0,0,200.0,88.6,1,-15.02,72.0,-98.5,16.3,100.0,7.16,5.79,258.0,üî• HIGH-SPEED CARVE!
1772089833.523,28.8,0,0,200.0,57.1,1,-15.02,72.0,-99.4,16.3,100.0,7.16,5.79,258.0,üî• HIGH-SPEED CARVE!
1772089833.577,27.1,0,0,200.0,57.1,1,-15.02,72.0,-99.8,16.3,100.0,7.16,5.79,258.0,üî• HIGH-SPEED CARVE!
1772089833.631,26.5,0,0,200.0,57.1,1,75.59,72.0,-99.9,16.3,100.0,7.29,5.79,258.0,üî• HIGH-SPEED CARVE!
1772089833.686,43.0,0,0,200.0,57.1,1,75.59,72.0,-100.0,16.3,100.0,7.29,5.79,258.0,üî• HIGH-SPEED CARVE!
1772089833.741,39.4,0,0,200.0,57.1,1,75.59,72.0,-100.0,16.3,100.0,7.29,5.79,258.0,üî• HIGH-SPEED CARVE!
1772089833.797,43.8,0,0,200.0,57.1,1,80.98,72.0,-100.0,16.3,100.0,7.30,5.79,258.0,üî• HIGH-SPEED CARVE!
1772089833.852,45.4,0,0,200.0,200.0,1,80.98,72.0,-13.6,36.3,100.0,7.30,5.79,258.0,üî• HIGH-SPEED CARVE!
1772089833.908,47.4,0,0,200.0,200.0,1,80.98,72.0,20.6,56.3,80.0,7.30,5.79,258.0,üî• HIGH-SPEED CARVE!
1772089833.963,56.0,0,0,200.0,200.0,1,78.83,72.0,32.8,76.3,60.0,7.28,5.79,258.0,üî• HIGH-SPEED CARVE!
1772089834.019,50.8,0,0,200.0,200.0,1,78.83,72.0,38.6,96.3,40.0,7.28,5.79,258.0,üî• HIGH-SPEED CARVE!
1772089834.074,45.6,0,0,200.0,200.0,1,28.61,72.0,41.8,100.0,23.1,7.04,5.79,201.0,üî• HIGH-SPEED CARVE!
1772089834.130,44.6,0,0,200.0,200.0,1,28.61,72.0,43.2,100.0,21.3,7.04,5.79,201.0,üî• HIGH-SPEED CARVE!
1772089834.185,47.2,0,0,200.0,200.0,1,28.61,72.0,43.4,100.0,21.1,7.04,5.79,201.0,üî• HIGH-SPEED CARVE!
1772089834.240,42.2,0,0,200.0,200.0,1,-7.98,72.0,44.3,100.0,14.8,7.27,5.79,201.0,üî• HIGH-SPEED CARVE!
1772089834.295,39.9,0,0,200.0,200.0,1,-7.98,72.0,45.0,100.0,14.0,7.27,5.79,201.0,üî• HIGH-SPEED CARVE!
1772089834.350,39.9,0,0,200.0,200.0,1,-7.98,72.0,45.3,100.0,13.7,7.27,5.79,201.0,üî• HIGH-SPEED CARVE!
1772089834.405,41.7,0,0,200.0,200.0,1,-21.15,72.0,45.1,100.0,12.1,7.36,5.79,201.0,üî• HIGH-SPEED CARVE!
1772089834.460,43.6,0,0,200.0,200.0,1,-21.15,72.0,44.7,100.0,12.5,7.36,5.79,201.0,üî• HIGH-SPEED CARVE!
1772089834.516,43.4,0,0,200.0,200.0,1,-21.15,72.0,44.6,100.0,12.7,7.36,5.79,201.0,üî• HIGH-SPEED CARVE!
1772089834.570,35.5,0,0,200.0,200.0,1,-24.66,72.0,45.1,100.0,11.7,7.38,5.79,201.0,üî• HIGH-SPEED CARVE!
1772089834.625,36.0,0,0,200.0,200.0,1,-24.66,72.0,45.4,100.0,11.4,7.38,5.79,201.0,üî• HIGH-SPEED CARVE!
1772089834.680,35.5,0,0,200.0,200.0,1,-24.66,72.0,45.4,100.0,11.3,7.38,5.79,201.0,üî• HIGH-SPEED CARVE!
1772089834.734,26.2,0,0,200.0,56.5,1,-33.60,72.0,-41.8,80.0,31.3,7.36,5.79,201.0,üî• HIGH-SPEED CARVE!
1772089834.788,22.5,0,0,200.0,56.5,1,-33.60,72.0,-76.7,60.0,51.3,7.36,5.79,201.0,üî• HIGH-SPEED CARVE!
1772089834.843,42.9,0,0,200.0,56.5,1,-33.60,72.0,-90.7,40.0,71.3,7.36,5.79,201.0,üî• HIGH-SPEED CARVE!
1772089834.897,22.8,0,0,66.1,56.5,1,-20.53,60.9,-76.4,20.0,91.3,7.27,5.79,201.0,üêç SLALOM (Urg: 1.00)
1772089836.059,39.7,0,0,200.0,63.8,1,70.93,21.6,-60.0,80.0,100.0,6.86,5.78,165.0,üî• HIGH-SPEED CARVE!
1772089836.114,40.4,0,0,200.0,63.8,1,71.56,36.7,-84.0,60.0,100.0,6.83,5.79,165.0,üî• HIGH-SPEED CARVE!
1772089836.169,40.1,0,0,200.0,63.8,1,71.56,47.3,-93.6,40.0,100.0,6.83,5.79,165.0,üî• HIGH-SPEED CARVE!
1772089836.225,49.6,0,0,200.0,200.0,1,71.56,54.7,-11.8,30.1,80.0,6.83,5.79,165.0,üî• HIGH-SPEED CARVE!
1772089836.283,49.5,0,0,200.0,200.0,1,27.22,59.9,21.0,50.1,60.0,6.95,5.79,84.0,üî• HIGH-SPEED CARVE!
1772089836.338,50.6,0,0,200.0,200.0,1,27.22,63.5,33.9,70.1,40.0,6.95,5.79,84.0,üî• HIGH-SPEED CARVE!
1772089836.394,49.1,0,0,200.0,200.0,1,27.22,66.1,39.3,90.1,21.9,6.95,5.79,84.0,üî• HIGH-SPEED CARVE!
1772089836.449,38.3,0,0,200.0,200.0,1,8.48,67.8,43.0,100.0,15.6,6.99,5.79,84.0,üî• HIGH-SPEED CARVE!
1772089836.503,36.5,0,0,200.0,200.0,1,8.48,69.1,44.5,100.0,14.8,6.99,5.79,84.0,üî• HIGH-SPEED CARVE!
1772089836.558,36.2,0,0,200.0,200.0,1,-18.82,70.0,45.1,100.0,11.0,7.20,5.79,84.0,üî• HIGH-SPEED CARVE!
1772089836.613,32.2,0,0,200.0,200.0,1,-18.82,70.6,45.3,100.0,11.2,7.20,5.79,84.0,üî• HIGH-SPEED CARVE!
1772089836.667,30.1,0,0,200.0,200.0,1,-18.82,71.0,45.4,100.0,11.4,7.20,5.79,84.0,üî• HIGH-SPEED CARVE!
1772089836.721,29.9,0,0,200.0,200.0,1,-32.32,71.3,45.5,100.0,9.9,7.29,5.79,84.0,üî• HIGH-SPEED CARVE!
1772089836.776,28.3,0,0,200.0,200.0,1,-32.32,71.5,45.5,100.0,10.0,7.29,5.79,84.0,üî• HIGH-SPEED CARVE!
1772089836.830,27.7,0,0,200.0,200.0,1,-32.32,71.7,45.5,100.0,10.1,7.29,5.79,84.0,üî• HIGH-SPEED CARVE!
1772089836.884,27.1,0,0,200.0,200.0,1,-35.77,71.8,45.5,100.0,9.7,7.31,5.79,84.0,üî• HIGH-SPEED CARVE!
1772089836.939,30.4,0,0,200.0,200.0,1,-35.77,71.8,45.5,100.0,9.8,7.31,5.79,84.0,üî• HIGH-SPEED CARVE!
1772089836.993,30.9,0,0,200.0,200.0,1,-35.77,71.9,45.5,100.0,9.8,7.31,5.79,84.0,üî• HIGH-SPEED CARVE!
1772089837.048,29.6,0,0,200.0,200.0,1,-29.59,71.9,45.5,100.0,10.6,7.30,5.79,84.0,üî• HIGH-SPEED CARVE!
1772089837.102,26.8,0,0,200.0,200.0,1,-29.59,71.9,45.5,100.0,10.6,7.30,5.79,84.0,üî• HIGH-SPEED CARVE!
1772089837.156,29.4,0,0,200.0,76.5,1,-29.59,72.0,-41.8,80.0,30.6,7.30,5.79,84.0,üî• HIGH-SPEED CARVE!
1772089837.210,25.4,0,0,200.0,76.5,1,-34.73,72.0,-76.7,60.0,50.6,7.32,5.79,84.0,üî• HIGH-SPEED CARVE!
1772089837.264,22.2,0,0,200.0,76.5,1,-34.73,72.0,-90.7,40.0,70.6,7.32,5.79,84.0,üî• HIGH-SPEED CARVE!
1772089838.427,48.2,0,0,200.0,200.0,1,-81.19,21.6,25.9,80.0,80.0,6.77,5.78,135.0,üî• HIGH-SPEED CARVE!
1772089839.590,42.8,0,0,200.0,200.0,1,50.93,21.6,26.8,80.0,80.0,6.79,5.78,123.0,üî• HIGH-SPEED CARVE!
1772089839.645,47.4,0,0,200.0,200.0,1,50.93,36.7,36.8,72.5,60.0,6.79,5.78,123.0,üî• HIGH-SPEED CARVE!
1772089839.701,42.8,0,0,200.0,200.0,1,33.08,47.3,41.5,91.4,40.0,6.71,5.79,123.0,üî• HIGH-SPEED CARVE!
1772089839.756,43.0,0,0,200.0,200.0,1,33.08,54.7,43.4,100.0,20.0,6.71,5.79,123.0,üî• HIGH-SPEED CARVE!
1772089839.811,43.0,0,0,200.0,200.0,1,33.08,59.9,44.2,100.0,11.9,6.71,5.79,123.0,üî• HIGH-SPEED CARVE!
1772089839.867,51.6,0,0,200.0,200.0,1,-4.53,63.5,43.0,100.0,10.6,6.93,5.79,123.0,üî• HIGH-SPEED CARVE!
1772089839.922,40.6,0,0,200.0,200.0,1,-4.53,66.1,44.4,100.0,10.9,6.93,5.79,123.0,üî• HIGH-SPEED CARVE!
1772089839.977,48.0,0,0,200.0,200.0,1,-19.88,67.8,43.7,100.0,10.9,7.22,5.79,123.0,üî• HIGH-SPEED CARVE!
1772089840.032,37.4,0,0,200.0,200.0,1,-19.88,69.1,44.8,100.0,10.6,7.22,5.79,123.0,üî• HIGH-SPEED CARVE!
1772089840.087,33.5,0,0,200.0,200.0,1,-19.88,70.0,45.2,100.0,10.8,7.22,5.79,123.0,üî• HIGH-SPEED CARVE!
1772089840.141,32.2,0,0,200.0,200.0,1,-29.80,70.6,45.4,100.0,9.8,7.26,5.79,123.0,üî• HIGH-SPEED CARVE!
1772089840.196,29.1,0,0,200.0,200.0,1,-29.80,71.0,45.5,100.0,10.0,7.26,5.79,123.0,üî• HIGH-SPEED CARVE!
1772089840.250,29.9,0,0,200.0,200.0,1,-29.80,71.3,45.5,100.0,10.2,7.26,5.79,123.0,üî• HIGH-SPEED CARVE!
1772089840.304,30.1,0,0,200.0,200.0,1,-30.97,71.5,45.5,100.0,10.2,7.27,5.79,123.0,üî• HIGH-SPEED CARVE!
1772089840.359,29.1,0,0,200.0,200.0,1,-30.97,71.7,45.5,100.0,10.3,7.27,5.79,123.0,üî• HIGH-SPEED CARVE!
1772089841.520,23.4,0,0,200.0,49.0,1,-72.47,21.6,-60.0,80.0,81.5,6.72,5.79,144.0,üî• HIGH-SPEED CARVE!
1772089841.575,33.1,0,0,200.0,49.0,1,-54.67,36.7,-84.0,60.0,100.0,6.71,5.78,144.0,üî• HIGH-SPEED CARVE!
1772089841.629,21.2,0,0,200.0,200.0,1,-54.67,47.3,-6.3,48.1,80.0,6.71,5.78,144.0,üî• HIGH-SPEED CARVE!
1772089841.683,22.5,0,0,200.0,200.0,1,8.58,54.7,24.8,68.1,60.0,6.77,5.78,117.0,üî• HIGH-SPEED CARVE!
1772089841.737,22.5,0,0,200.0,200.0,1,8.58,59.9,37.2,88.1,40.0,6.77,5.78,117.0,üî• HIGH-SPEED CARVE!
1772089842.900,41.9,0,0,86.1,55.6,1,69.84,21.6,-23.5,80.0,80.0,6.77,5.79,90.0,üî• HIGH-SPEED CARVE!
1772089842.955,42.8,0,0,86.1,55.6,1,87.62,36.7,-32.8,60.0,88.5,6.75,5.79,90.0,üî• HIGH-SPEED CARVE!
1772089843.010,45.2,0,0,200.0,55.6,1,87.62,47.3,-73.1,40.0,100.0,6.75,5.79,90.0,üî• HIGH-SPEED CARVE!
1772089843.066,44.8,0,0,200.0,55.6,1,87.62,54.7,-89.2,29.3,100.0,6.75,5.79,90.0,üî• HIGH-SPEED CARVE!
1772089843.121,43.6,0,0,200.0,55.6,1,65.97,59.9,-95.7,25.1,100.0,6.86,5.79,90.0,üî• HIGH-SPEED CARVE!
1772089843.176,44.2,0,0,200.0,200.0,1,65.97,63.5,-11.7,39.8,87.2,6.86,5.79,90.0,üî• HIGH-SPEED CARVE!
1772089843.231,42.0,0,0,200.0,200.0,1,65.97,66.1,22.3,59.8,67.2,6.86,5.79,90.0,üî• HIGH-SPEED CARVE!
1772089843.287,43.0,0,0,200.0,200.0,1,34.24,67.8,35.7,79.8,47.2,7.03,5.79,90.0,üî• HIGH-SPEED CARVE!
1772089843.342,41.5,0,0,200.0,200.0,1,34.24,69.1,41.3,99.8,27.2,7.03,5.79,90.0,üî• HIGH-SPEED CARVE!
1772089843.397,39.9,0,0,200.0,200.0,1,34.24,70.0,43.8,100.0,20.1,7.03,5.79,90.0,üî• HIGH-SPEED CARVE!
1772089843.452,37.3,0,0,200.0,200.0,1,-12.53,70.6,44.8,100.0,12.6,6.94,5.79,90.0,üî• HIGH-SPEED CARVE!
1772089843.507,36.0,0,0,200.0,200.0,1,-12.53,71.0,45.2,100.0,12.5,6.94,5.79,90.0,üî• HIGH-SPEED CARVE!
1772089843.562,46.8,0,0,200.0,200.0,1,-17.68,71.3,44.2,100.0,13.0,7.20,5.79,90.0,üî• HIGH-SPEED CARVE!
1772089843.617,36.9,0,0,200.0,200.0,1,-17.68,71.5,45.0,100.0,12.4,7.20,5.79,90.0,üî• HIGH-SPEED CARVE!
1772089843.672,40.1,0,0,200.0,200.0,1,-17.68,71.7,45.3,100.0,12.2,7.20,5.79,90.0,üî• HIGH-SPEED CARVE!
1772089843.727,38.5,0,0,200.0,200.0,1,-26.42,71.8,45.4,100.0,11.0,7.24,5.79,90.0,üî• HIGH-SPEED CARVE!
1772089843.781,36.4,0,0,200.0,200.0,1,-26.42,71.8,45.5,100.0,11.0,7.24,5.79,90.0,üî• HIGH-SPEED CARVE!
1772089843.836,33.7,0,0,200.0,200.0,1,-26.42,71.9,45.5,100.0,11.0,7.24,5.79,90.0,üî• HIGH-SPEED CARVE!
1772089843.890,30.6,0,0,200.0,200.0,1,-26.45,71.9,45.5,100.0,11.0,7.24,5.79,108.0,üî• HIGH-SPEED CARVE!
1772089843.945,35.8,0,0,200.0,200.0,1,-26.45,71.9,45.5,100.0,11.0,7.24,5.79,108.0,üî• HIGH-SPEED CARVE!
1772089844.000,32.4,0,0,200.0,200.0,1,-26.45,72.0,45.5,100.0,11.0,7.24,5.79,108.0,üî• HIGH-SPEED CARVE!
1772089844.054,28.8,0,0,200.0,200.0,1,-11.13,72.0,45.5,100.0,13.0,7.22,5.79,108.0,üî• HIGH-SPEED CARVE!
1772089844.108,23.1,0,0,200.0,200.0,1,-11.13,72.0,45.5,100.0,13.1,7.22,5.79,108.0,üî• HIGH-SPEED CARVE!
1772089844.162,26.0,0,0,200.0,200.0,1,-11.13,72.0,45.5,100.0,13.1,7.22,5.79,108.0,üî• HIGH-SPEED CARVE!
1772089845.325,38.7,0,0,200.0,64.8,1,51.58,21.6,-60.0,80.0,100.0,6.74,5.79,144.0,üî• HIGH-SPEED CARVE!
1772089845.380,38.3,0,0,68.3,64.8,1,51.58,25.6,-51.9,60.0,94.5,6.74,5.79,144.0,üêç SLALOM (Urg: 1.00)
1772089845.435,43.2,0,0,68.3,64.8,1,33.76,28.7,-45.3,40.0,87.2,6.72,5.78,144.0,üêç SLALOM (Urg: 0.98)
1772089845.490,43.2,0,0,68.3,64.8,1,33.76,30.9,-40.0,21.3,83.1,6.72,5.78,144.0,üêç SLALOM (Urg: 0.98)
1772089845.545,43.0,0,0,68.3,72.0,1,33.76,32.4,-28.2,5.9,70.8,6.72,5.78,144.0,üêç SLALOM (Urg: 0.98)
1772089845.600,42.6,0,0,68.3,72.0,1,18.28,33.5,-18.8,8.6,58.4,7.04,5.79,144.0,üêç SLALOM (Urg: 0.98)
1772089845.656,49.0,0,0,68.3,72.0,1,18.28,35.2,-11.4,19.0,51.3,7.04,5.79,144.0,üêç SLALOM (Urg: 0.94)
1772089845.711,48.0,0,0,74.6,72.0,1,18.28,36.0,-12.8,18.2,53.8,7.04,5.79,144.0,üêç SLALOM (Urg: 0.95)
1772089845.766,33.5,0,0,74.6,72.0,1,30.81,35.7,-14.1,14.5,56.9,7.23,5.79,144.0,üêç SLALOM (Urg: 1.00)
1772089845.820,29.3,0,0,74.6,72.0,1,30.81,35.5,-15.1,13.1,57.9,7.23,5.79,144.0,üêç SLALOM (Urg: 1.00)
1772089845.875,29.1,0,0,74.6,200.0,1,30.81,46.4,54.0,33.1,37.9,7.23,5.79,144.0,üî• HIGH-SPEED CARVE!
1772089845.929,28.6,0,0,74.6,200.0,1,31.09,54.1,81.6,53.1,25.7,7.25,5.79,144.0,üî• HIGH-SPEED CARVE!
1772089845.983,28.8,0,0,200.0,200.0,1,31.09,59.5,59.9,73.1,5.7,7.25,5.79,144.0,üî• HIGH-SPEED CARVE!
1772089846.038,30.2,0,0,200.0,200.0,1,31.09,63.2,51.3,93.1,6.2,7.25,5.79,144.0,üî• HIGH-SPEED CARVE!
1772089846.093,39.9,0,0,200.0,200.0,1,-7.11,65.9,47.8,100.0,6.8,7.18,5.79,48.0,üî• HIGH-SPEED CARVE!
1772089846.148,41.0,0,0,200.0,200.0,1,-7.11,67.7,46.3,100.0,9.8,7.18,5.79,48.0,üî• HIGH-SPEED CARVE!
1772089846.203,35.2,0,0,200.0,200.0,1,-7.11,69.0,45.8,100.0,11.2,7.18,5.79,48.0,üî• HIGH-SPEED CARVE!
1772089846.257,29.9,0,0,200.0,200.0,1,-29.85,69.9,45.6,100.0,9.0,7.12,5.79,48.0,üî• HIGH-SPEED CARVE!
1772089846.312,36.0,0,0,200.0,200.0,1,-29.85,70.5,45.5,100.0,9.6,7.12,5.79,48.0,üî• HIGH-SPEED CARVE!
1772089846.367,35.0,0,0,200.0,200.0,1,-35.02,71.0,45.5,100.0,9.2,7.13,5.79,48.0,üî• HIGH-SPEED CARVE!
1772089846.421,35.5,0,0,200.0,200.0,1,-35.02,71.3,45.5,100.0,9.5,7.13,5.79,48.0,üî• HIGH-SPEED CARVE!
1772089846.476,32.7,0,0,200.0,200.0,1,-35.02,71.5,45.5,100.0,9.6,7.13,5.79,48.0,üî• HIGH-SPEED CARVE!
1772089846.531,34.0,0,0,200.0,200.0,1,-35.50,71.6,45.5,100.0,9.7,7.17,5.79,48.0,üî• HIGH-SPEED CARVE!
1772089846.586,40.1,0,0,200.0,200.0,1,-35.50,71.8,45.5,100.0,9.8,7.17,5.79,48.0,üî• HIGH-SPEED CARVE!
1772089846.640,28.8,0,0,200.0,200.0,1,-35.50,71.8,45.5,100.0,9.8,7.17,5.79,48.0,üî• HIGH-SPEED CARVE!
1772089847.802,29.3,0,0,200.0,200.0,1,56.63,21.6,27.3,80.0,80.0,6.69,5.79,75.0,üî• HIGH-SPEED CARVE!
1772089847.856,29.3,0,0,200.0,200.0,1,56.63,36.7,38.2,73.3,60.0,6.69,5.79,75.0,üî• HIGH-SPEED CARVE!
1772089847.911,29.0,0,0,200.0,200.0,1,56.63,47.3,42.6,89.1,40.0,6.69,5.79,75.0,üî• HIGH-SPEED CARVE!
1772089847.965,29.1,0,0,200.0,200.0,1,23.21,54.7,44.3,100.0,20.0,6.72,5.79,75.0,üî• HIGH-SPEED CARVE!
1772089848.020,36.2,0,0,200.0,200.0,1,23.21,59.9,45.0,100.0,9.3,6.72,5.79,75.0,üî• HIGH-SPEED CARVE!
1772089848.075,39.0,0,0,200.0,200.0,1,-16.07,63.5,45.3,100.0,6.4,7.00,5.79,75.0,üî• HIGH-SPEED CARVE!
1772089848.129,29.9,0,0,200.0,200.0,1,-16.07,66.1,45.4,100.0,8.2,7.00,5.79,75.0,üî• HIGH-SPEED CARVE!
1772089848.183,26.0,0,0,200.0,200.0,1,-16.07,67.8,45.5,100.0,9.5,7.00,5.79,75.0,üî• HIGH-SPEED CARVE!
1772089848.238,35.5,0,0,200.0,200.0,1,-15.73,69.1,45.5,100.0,10.4,7.15,5.79,90.0,üî• HIGH-SPEED CARVE!
1772089848.292,31.7,0,0,200.0,200.0,1,-15.73,70.0,45.5,100.0,11.0,7.15,5.79,90.0,üî• HIGH-SPEED CARVE!
1772089848.347,29.9,0,0,200.0,200.0,1,-15.73,70.6,45.5,100.0,11.5,7.15,5.79,90.0,üî• HIGH-SPEED CARVE!
1772089848.401,23.3,0,0,200.0,200.0,1,-34.63,71.0,45.5,100.0,9.3,7.19,5.79,90.0,üî• HIGH-SPEED CARVE!
1772089848.456,36.0,0,0,200.0,200.0,1,-34.63,71.3,45.5,100.0,9.5,7.19,5.79,90.0,üî• HIGH-SPEED CARVE!
1772089848.510,26.7,0,0,200.0,200.0,1,-34.63,71.5,45.5,100.0,9.7,7.19,5.79,90.0,üî• HIGH-SPEED CARVE!
1772089848.564,22.2,0,0,200.0,200.0,1,-42.11,71.7,45.5,100.0,8.8,7.20,5.79,90.0,üî• HIGH-SPEED CARVE!
1772089849.725,28.8,0,0,34.6,53.6,1,-86.35,10.5,3.9,80.0,80.0,6.69,5.78,117.0,üêç SLALOM (Urg: 1.00)
1772089849.780,30.5,0,0,34.6,62.9,1,-86.35,17.9,6.2,60.0,60.0,6.69,5.78,117.0,üêç SLALOM (Urg: 1.00)
1772089849.834,28.8,0,0,34.6,62.9,1,-60.61,23.0,8.1,41.6,40.0,6.66,5.79,117.0,üêç SLALOM (Urg: 1.00)
1772089849.889,33.5,0,0,66.0,62.9,1,-60.61,26.6,2.6,38.8,20.0,6.66,5.79,117.0,üêç SLALOM (Urg: 1.00)
1772089849.943,28.8,0,0,66.0,62.9,1,-36.37,29.1,-1.8,32.5,25.7,6.95,5.79,117.0,üêç SLALOM (Urg: 1.00)
1772089849.998,32.7,0,0,66.0,62.9,1,-36.37,30.9,-5.3,30.1,31.6,6.95,5.79,117.0,üêç SLALOM (Urg: 1.00)
1772089850.052,31.1,0,0,66.0,64.9,1,-36.37,32.1,-8.1,28.1,36.2,6.95,5.79,117.0,üêç SLALOM (Urg: 1.00)
1772089850.106,29.9,0,0,66.0,64.9,1,1.95,33.0,-10.3,20.5,45.4,7.25,5.79,117.0,üêç SLALOM (Urg: 1.00)
1772089850.161,29.1,0,0,66.0,64.9,1,1.95,33.6,-12.1,19.0,48.1,7.25,5.79,117.0,üêç SLALOM (Urg: 1.00)
1772089850.215,29.1,0,0,72.1,64.9,1,1.95,34.0,-13.5,17.8,50.3,7.25,5.79,117.0,üêç SLALOM (Urg: 1.00)
1772089850.269,29.4,0,0,72.1,64.9,1,4.43,34.3,-14.7,16.3,52.3,7.22,5.79,117.0,üêç SLALOM (Urg: 1.00)
1772089850.324,29.6,0,0,72.1,64.9,1,4.43,34.5,-15.6,15.5,53.6,7.22,5.79,117.0,üêç SLALOM (Urg: 1.00)
1772089850.378,23.4,0,0,72.1,62.2,1,4.43,34.7,-16.3,14.7,54.6,7.22,5.79,117.0,üêç SLALOM (Urg: 1.00)
1772089850.432,21.9,0,0,72.1,62.2,1,14.31,34.8,-16.9,12.7,56.9,7.21,5.79,87.0,üêç SLALOM (Urg: 1.00)
1772089850.486,23.1,0,0,67.7,62.2,1,14.31,34.8,-17.4,12.2,57.5,7.21,5.79,87.0,üêç SLALOM (Urg: 1.00)
1772089850.540,25.1,0,0,67.7,62.2,1,14.31,34.9,-17.7,11.8,58.0,7.21,5.79,87.0,üêç SLALOM (Urg: 1.00)
1772089850.594,24.0,0,0,67.7,62.2,1,22.25,34.9,-18.0,10.3,59.6,7.20,5.79,87.0,üêç SLALOM (Urg: 1.00)
1772089850.648,21.6,0,0,67.7,200.0,1,22.25,46.0,52.8,30.3,39.6,7.20,5.79,87.0,üî• HIGH-SPEED CARVE!
1772089851.810,32.7,0,0,200.0,51.5,1,57.99,21.6,-60.0,80.0,100.0,6.67,5.78,84.0,üî• HIGH-SPEED CARVE!
1772089851.865,39.4,0,0,200.0,200.0,1,57.99,36.7,3.3,60.0,80.0,6.67,5.78,84.0,üî• HIGH-SPEED CARVE!
1772089851.919,30.1,0,0,200.0,200.0,1,57.99,47.3,28.6,72.4,60.0,6.67,5.78,84.0,üî• HIGH-SPEED CARVE!
1772089851.974,37.8,0,0,200.0,200.0,1,13.84,54.7,38.7,92.4,40.0,6.71,5.78,84.0,üî• HIGH-SPEED CARVE!
1772089852.029,34.5,0,0,76.5,200.0,1,13.84,59.9,75.5,100.0,20.0,6.71,5.78,84.0,üî• HIGH-SPEED CARVE!
1772089852.083,29.1,0,0,76.5,200.0,1,13.84,63.5,90.2,100.0,22.3,6.71,5.78,84.0,üî• HIGH-SPEED CARVE!
1772089852.138,29.4,0,0,76.5,62.4,1,1.99,55.0,68.3,100.0,18.7,6.96,5.79,84.0,üêç SLALOM (Urg: 1.00)
1772089852.192,29.6,0,0,76.5,62.4,1,1.99,49.0,50.8,100.0,9.8,6.96,5.79,84.0,üêç SLALOM (Urg: 1.00)
1772089852.247,30.6,0,0,76.5,62.4,1,1.99,44.8,36.8,87.9,1.7,6.96,5.79,84.0,üêç SLALOM (Urg: 1.00)
1772089852.301,35.5,0,0,79.6,62.4,1,-63.28,41.8,25.6,81.5,2.2,7.09,5.79,84.0,üêç SLALOM (Urg: 1.00)
1772089852.355,23.7,0,0,79.6,62.4,1,-63.28,39.8,16.6,68.9,10.7,7.09,5.79,84.0,üêç SLALOM (Urg: 1.00)
1772089852.410,24.8,0,0,79.6,62.4,1,-63.28,38.4,9.4,59.0,17.7,7.09,5.79,84.0,üêç SLALOM (Urg: 1.00)
1772089852.464,27.4,0,0,79.6,200.0,1,-73.44,48.4,63.8,79.0,28.1,7.19,5.79,84.0,üî• HIGH-SPEED CARVE!
1772089852.518,26.5,0,0,79.6,200.0,1,-73.44,55.5,85.5,99.0,28.6,7.19,5.79,84.0,üî• HIGH-SPEED CARVE!
1772089852.572,22.4,0,0,79.6,200.0,1,-73.44,60.5,94.2,100.0,24.6,7.19,5.79,84.0,üî• HIGH-SPEED CARVE!
1772089852.626,21.9,0,0,200.0,200.0,1,-40.45,63.9,65.0,100.0,12.8,6.97,5.79,27.0,üî• HIGH-SPEED CARVE!
1772089852.680,23.9,0,0,200.0,200.0,1,-40.45,66.3,53.3,100.0,1.9,6.97,5.79,27.0,üî• HIGH-SPEED CARVE!
1772089852.734,22.5,0,0,200.0,200.0,1,-40.45,68.0,48.6,100.0,3.5,6.97,5.79,27.0,üî• HIGH-SPEED CARVE!
1772089852.789,31.3,0,0,200.0,200.0,1,-44.74,69.2,46.7,100.0,5.6,7.03,5.79,27.0,üî• HIGH-SPEED CARVE!
1772089852.843,32.7,0,0,200.0,200.0,1,-44.74,70.1,46.0,100.0,6.9,7.03,5.79,27.0,üî• HIGH-SPEED CARVE!
1772089852.898,33.2,0,0,200.0,200.0,1,-57.44,70.6,45.7,100.0,6.1,7.12,5.79,27.0,üî• HIGH-SPEED CARVE!
1772089852.952,31.4,0,0,200.0,200.0,1,-57.44,71.0,45.6,100.0,6.5,7.12,5.79,27.0,üî• HIGH-SPEED CARVE!
1772089853.007,29.3,0,0,200.0,200.0,1,-57.44,71.3,45.5,100.0,6.7,7.12,5.79,27.0,üî• HIGH-SPEED CARVE!
1772089853.062,36.4,0,0,200.0,200.0,1,-58.05,71.5,45.5,100.0,6.8,7.15,5.79,27.0,üî• HIGH-SPEED CARVE!
1772089853.116,30.9,0,0,200.0,200.0,1,-58.05,71.7,45.5,100.0,6.9,7.15,5.79,27.0,üî• HIGH-SPEED CARVE!
1772089853.170,28.8,0,0,200.0,200.0,1,-58.05,71.8,45.5,100.0,7.0,7.15,5.79,27.0,üî• HIGH-SPEED CARVE!
1772089853.224,21.0,0,0,200.0,200.0,1,-55.71,71.8,45.5,100.0,7.3,7.12,5.79,27.0,üî• HIGH-SPEED CARVE!
1772089854.387,53.7,0,0,200.0,200.0,1,-90.87,21.6,25.0,80.0,80.0,6.64,5.78,33.0,üî• HIGH-SPEED CARVE!
1772089854.443,54.5,0,0,200.0,200.0,1,-57.83,36.7,34.8,86.5,60.0,6.60,5.78,33.0,üî• HIGH-SPEED CARVE!
1772089854.499,55.9,0,0,200.0,200.0,1,-57.83,47.3,38.5,100.0,40.0,6.60,5.78,33.0,üî• HIGH-SPEED CARVE!
1772089854.555,58.4,0,0,200.0,200.0,1,-57.83,54.7,39.6,100.0,20.0,6.60,5.78,33.0,üî• HIGH-SPEED CARVE!
1772089854.611,56.7,0,0,200.0,200.0,1,-53.47,59.9,40.3,100.0,3.8,6.72,5.79,33.0,üî• HIGH-SPEED CARVE!
1772089854.667,58.2,0,0,200.0,200.0,1,-53.47,63.5,40.3,100.0,6.7,6.72,5.79,33.0,üî• HIGH-SPEED CARVE!
1772089854.724,76.3,0,0,200.0,200.0,1,-53.47,60.4,35.2,100.0,9.8,6.72,5.79,33.0,üêç SLALOM (Urg: 0.77)
1772089854.782,82.0,0,0,200.0,200.0,1,-25.64,59.1,31.0,99.5,18.6,7.02,5.79,129.0,üêç SLALOM (Urg: 0.74)
1772089854.839,72.0,0,0,200.0,200.0,1,-25.64,56.3,27.9,93.1,19.6,7.02,5.79,129.0,üêç SLALOM (Urg: 0.80)
1772089854.896,80.3,0,0,200.0,200.0,1,-25.64,55.9,25.2,89.5,22.4,7.02,5.79,129.0,üêç SLALOM (Urg: 0.75)
1772089854.954,81.0,0,0,200.0,200.0,1,-40.11,55.7,23.0,88.8,22.5,6.96,5.79,129.0,üêç SLALOM (Urg: 0.74)
1772089855.011,81.3,0,0,200.0,200.0,1,-40.11,55.5,21.3,86.6,24.3,6.96,5.79,129.0,üêç SLALOM (Urg: 0.74)
1772089855.070,100.5,0,0,200.0,200.0,1,-35.37,58.3,19.4,86.5,30.1,6.96,5.79,129.0,üêç SLALOM (Urg: 0.62)
1772089855.128,98.1,0,0,200.0,200.0,1,-35.37,60.0,18.0,86.5,33.5,6.96,5.79,129.0,üêç SLALOM (Urg: 0.64)
1772089855.186,97.8,0,0,200.0,200.0,1,-35.37,60.9,16.8,86.1,35.7,6.96,5.79,129.0,üêç SLALOM (Urg: 0.64)
1772089855.244,95.7,0,0,200.0,200.0,1,-31.27,61.2,16.0,84.8,37.7,6.92,5.79,129.0,üêç SLALOM (Urg: 0.65)
1772089855.302,86.1,0,0,200.0,200.0,1,-31.27,60.3,15.5,83.3,37.3,6.92,5.79,129.0,üêç SLALOM (Urg: 0.71)
1772089855.360,93.4,0,0,200.0,200.0,1,-31.27,60.5,15.0,82.9,38.1,6.92,5.79,129.0,üêç SLALOM (Urg: 0.67)
1772089855.418,92.0,0,0,200.0,200.0,1,-20.11,60.3,14.6,80.6,40.1,6.91,5.79,129.0,üêç SLALOM (Urg: 0.68)
1772089855.476,89.5,0,0,200.0,200.0,1,-20.11,59.9,14.3,79.9,40.0,6.91,5.79,129.0,üêç SLALOM (Urg: 0.69)
1772089855.534,88.5,0,0,200.0,200.0,1,-16.89,59.7,14.1,78.9,40.4,6.90,5.79,129.0,üêç SLALOM (Urg: 0.70)
1772089855.591,74.5,0,0,200.0,200.0,1,-16.89,57.4,14.3,76.8,37.9,6.90,5.79,129.0,üêç SLALOM (Urg: 0.78)
1772089855.649,85.7,0,0,200.0,200.0,1,-16.89,57.3,14.2,76.6,37.9,6.90,5.79,129.0,üêç SLALOM (Urg: 0.71)
1772089855.706,84.3,0,0,200.0,200.0,1,0.69,57.2,14.2,73.8,40.6,6.91,5.78,129.0,üêç SLALOM (Urg: 0.72)
1772089855.764,83.3,0,0,200.0,200.0,1,0.69,56.8,14.1,73.4,40.2,6.91,5.78,129.0,üêç SLALOM (Urg: 0.73)
1772089855.821,81.4,0,0,200.0,200.0,1,0.69,56.3,14.2,72.9,39.7,6.91,5.78,129.0,üêç SLALOM (Urg: 0.74)
1772089855.878,79.5,0,0,200.0,200.0,1,8.33,55.6,14.2,71.1,40.1,6.90,5.79,108.0,üêç SLALOM (Urg: 0.75)
1772089855.936,78.7,0,0,200.0,200.0,1,8.33,55.1,14.3,70.7,39.5,6.90,5.79,108.0,üêç SLALOM (Urg: 0.76)
1772089855.993,76.4,0,0,200.0,200.0,1,-8.02,54.5,14.4,72.7,36.3,6.91,5.79,108.0,üêç SLALOM (Urg: 0.77)
1772089856.050,76.0,0,0,200.0,200.0,1,-8.02,54.0,14.5,72.4,35.7,6.91,5.79,108.0,üêç SLALOM (Urg: 0.77)
1772089856.107,73.6,0,0,200.0,200.0,1,-8.02,53.1,14.7,71.6,34.6,6.91,5.79,108.0,üêç SLALOM (Urg: 0.79)
1772089856.164,72.0,0,0,200.0,200.0,1,-7.76,52.2,14.8,70.8,33.6,6.95,5.79,108.0,üêç SLALOM (Urg: 0.80)
1772089856.220,70.0,0,0,200.0,200.0,1,-7.76,51.5,15.0,70.4,32.7,6.95,5.79,108.0,üêç SLALOM (Urg: 0.81)
1772089856.277,68.5,0,0,200.0,200.0,1,-7.76,57.7,28.4,90.4,23.0,6.95,5.79,108.0,üî• HIGH-SPEED CARVE!
1772089856.334,68.3,0,0,200.0,200.0,1,-19.98,62.0,33.8,100.0,18.1,6.98,5.79,108.0,üî• HIGH-SPEED CARVE!
1772089856.390,66.3,0,0,200.0,200.0,1,-19.98,65.0,36.3,100.0,17.2,6.98,5.79,108.0,üî• HIGH-SPEED CARVE!
1772089856.447,65.4,0,0,200.0,200.0,1,-19.98,67.1,37.5,100.0,17.3,6.98,5.79,108.0,üî• HIGH-SPEED CARVE!
1772089856.503,65.4,0,0,200.0,200.0,1,-10.29,68.6,38.0,100.0,19.3,7.03,5.79,108.0,üî• HIGH-SPEED CARVE!
1772089856.559,63.0,0,0,200.0,200.0,1,-10.29,69.6,38.6,100.0,19.3,7.03,5.79,108.0,üî• HIGH-SPEED CARVE!
1772089856.616,61.9,0,0,200.0,200.0,1,-16.42,70.3,39.0,100.0,18.4,7.02,5.79,108.0,üî• HIGH-SPEED CARVE!
1772089856.672,60.0,0,0,200.0,200.0,1,-16.42,70.8,39.5,100.0,18.2,7.02,5.79,108.0,üî• HIGH-SPEED CARVE!
1772089856.728,59.4,0,0,200.0,200.0,1,-16.42,71.2,39.8,100.0,18.0,7.02,5.79,108.0,üî• HIGH-SPEED CARVE!
1772089856.784,58.0,0,0,200.0,200.0,1,-36.49,71.4,40.2,100.0,14.9,7.05,5.79,108.0,üî• HIGH-SPEED CARVE!
1772089856.840,55.9,0,0,200.0,200.0,1,-36.49,71.6,40.7,100.0,14.5,7.05,5.79,108.0,üî• HIGH-SPEED CARVE!
1772089856.896,55.0,0,0,200.0,200.0,1,-36.49,71.7,41.0,100.0,14.2,7.05,5.79,108.0,üî• HIGH-SPEED CARVE!
1772089856.952,53.8,0,0,200.0,200.0,1,-45.23,71.8,41.3,100.0,12.7,7.08,5.79,159.0,üî• HIGH-SPEED CARVE!
1772089857.007,52.3,0,0,200.0,200.0,1,-45.23,71.9,41.7,100.0,12.4,7.08,5.79,159.0,üî• HIGH-SPEED CARVE!
1772089857.063,53.1,0,0,200.0,200.0,1,-45.23,71.9,41.8,100.0,12.4,7.08,5.79,159.0,üî• HIGH-SPEED CARVE!
1772089857.119,51.8,0,0,200.0,200.0,1,-29.71,71.9,42.0,100.0,14.2,7.08,5.79,159.0,üî• HIGH-SPEED CARVE!
1772089857.174,51.5,0,0,200.0,200.0,1,-29.71,72.0,42.1,100.0,14.1,7.08,5.79,159.0,üî• HIGH-SPEED CARVE!
1772089857.230,50.6,0,0,200.0,200.0,1,-29.71,72.0,42.3,100.0,13.9,7.08,5.79,159.0,üî• HIGH-SPEED CARVE!
1772089857.286,49.8,0,0,200.0,200.0,1,-38.44,72.0,42.6,100.0,12.5,7.05,5.79,159.0,üî• HIGH-SPEED CARVE!
1772089857.341,49.1,0,0,200.0,200.0,1,-38.44,72.0,42.8,100.0,12.3,7.05,5.79,159.0,üî• HIGH-SPEED CARVE!
1772089857.397,49.3,0,0,200.0,200.0,1,-26.02,72.0,42.8,100.0,13.9,7.07,5.79,159.0,üî• HIGH-SPEED CARVE!
1772089857.453,69.5,0,0,200.0,200.0,1,-26.02,72.0,39.4,100.0,17.7,7.07,5.79,159.0,üî• HIGH-SPEED CARVE!
1772089857.510,68.2,0,0,200.0,200.0,1,-26.02,72.0,38.3,100.0,19.0,7.07,5.79,159.0,üî• HIGH-SPEED CARVE!
1772089857.566,66.9,0,0,200.0,69.9,1,-38.90,72.0,-44.7,80.0,39.0,7.07,5.79,159.0,üî• HIGH-SPEED CARVE!
1772089857.624,85.8,0,0,200.0,69.9,1,-38.90,67.5,-46.0,60.0,59.0,7.07,5.79,159.0,üêç SLALOM (Urg: 0.71)
1772089857.682,83.8,0,0,200.0,69.9,1,-38.90,64.0,-47.2,40.0,79.0,7.07,5.79,159.0,üêç SLALOM (Urg: 0.73)
1772089857.739,83.5,0,0,200.0,69.9,1,-42.52,61.6,-48.2,20.0,99.0,6.85,5.79,159.0,üêç SLALOM (Urg: 0.73)
1772089857.797,82.2,0,0,200.0,69.9,1,-42.52,59.9,-49.1,7.6,100.0,6.85,5.79,159.0,üêç SLALOM (Urg: 0.74)
1772089857.854,66.3,0,0,200.0,200.0,1,-42.52,63.6,3.2,27.6,80.0,6.85,5.79,159.0,üî• HIGH-SPEED CARVE!
1772089857.911,79.6,0,0,200.0,200.0,1,-3.47,60.7,5.4,47.6,60.0,7.00,5.79,159.0,üêç SLALOM (Urg: 0.75)
1772089857.968,77.8,0,0,200.0,200.0,1,-3.47,58.4,7.3,67.5,49.3,7.00,5.79,159.0,üêç SLALOM (Urg: 0.76)
1772089858.025,76.9,0,0,200.0,200.0,1,16.75,56.8,8.8,64.6,48.9,6.92,5.79,141.0,üêç SLALOM (Urg: 0.77)
1772089858.082,75.0,0,0,200.0,200.0,1,16.75,55.3,10.0,64.7,46.0,6.92,5.79,141.0,üêç SLALOM (Urg: 0.78)
1772089858.139,65.8,0,0,200.0,200.0,1,16.75,60.3,26.9,84.7,31.1,6.92,5.79,141.0,üî• HIGH-SPEED CARVE!
1772089858.196,72.3,0,0,200.0,200.0,1,-16.24,57.5,24.6,89.0,26.1,6.91,5.79,141.0,üêç SLALOM (Urg: 0.80)
1772089858.252,70.4,0,0,200.0,200.0,1,-16.24,55.3,22.8,84.6,25.9,6.91,5.79,141.0,üêç SLALOM (Urg: 0.81)
1772089858.309,69.3,0,0,200.0,200.0,1,-16.24,60.3,31.4,99.8,20.8,6.91,5.79,141.0,üî• HIGH-SPEED CARVE!
1772089858.366,67.9,0,0,200.0,200.0,1,-4.54,63.8,35.1,100.0,20.5,7.02,5.79,141.0,üî• HIGH-SPEED CARVE!
1772089858.422,67.9,0,0,200.0,200.0,1,-4.54,66.3,36.6,100.0,20.3,7.02,5.79,141.0,üî• HIGH-SPEED CARVE!
1772089858.479,65.6,0,0,200.0,200.0,1,-4.54,68.0,37.6,100.0,20.3,7.02,5.79,141.0,üî• HIGH-SPEED CARVE!
1772089858.536,81.9,0,0,200.0,200.0,1,-12.15,64.1,32.9,100.0,22.4,7.04,5.79,141.0,üêç SLALOM (Urg: 0.74)
1772089858.593,63.7,0,0,200.0,200.0,1,-12.15,66.5,36.4,100.0,19.5,7.04,5.79,141.0,üî• HIGH-SPEED CARVE!
1772089858.650,78.5,0,0,200.0,200.0,1,-13.47,62.7,32.1,100.0,22.3,7.02,5.79,141.0,üêç SLALOM (Urg: 0.76)
1772089858.707,77.2,0,0,200.0,200.0,1,-13.47,59.8,28.6,95.6,24.0,7.02,5.79,141.0,üêç SLALOM (Urg: 0.77)
1772089858.765,93.2,0,0,200.0,200.0,1,-13.47,60.2,25.4,92.2,28.1,7.02,5.79,141.0,üêç SLALOM (Urg: 0.67)
1772089858.823,91.3,0,0,200.0,200.0,1,-21.40,60.1,23.0,90.4,29.8,7.02,5.79,141.0,üêç SLALOM (Urg: 0.68)
1772089858.881,89.6,0,0,200.0,200.0,1,-21.40,59.8,21.0,87.8,31.7,7.02,5.79,141.0,üêç SLALOM (Urg: 0.69)
1772089858.939,79.2,0,0,200.0,200.0,1,-21.40,58.0,19.7,84.5,31.5,7.02,5.79,141.0,üêç SLALOM (Urg: 0.76)
1772089858.996,85.6,0,0,200.0,200.0,1,-7.60,57.7,18.5,80.8,34.7,6.99,5.79,141.0,üêç SLALOM (Urg: 0.72)
1772089859.054,83.4,0,0,200.0,100.1,1,-7.60,57.2,6.8,66.4,48.0,6.99,5.79,141.0,üêç SLALOM (Urg: 0.73)
1772089859.111,72.2,0,0,200.0,100.1,1,-5.39,55.3,-3.3,52.2,58.5,6.97,5.79,186.0,üêç SLALOM (Urg: 0.80)
1772089859.168,71.7,0,0,200.0,100.1,1,-5.39,53.7,-11.5,41.0,66.5,6.97,5.79,186.0,üêç SLALOM (Urg: 0.80)
1772089859.224,72.0,0,0,200.0,100.1,1,-5.39,52.9,-18.0,32.5,73.3,6.97,5.79,186.0,üêç SLALOM (Urg: 0.80)
1772089859.281,68.6,0,0,200.0,100.1,1,6.05,58.6,-67.2,15.5,93.3,6.94,5.79,186.0,üî• HIGH-SPEED CARVE!
1772089859.338,67.2,0,0,200.0,100.1,1,6.05,62.7,-86.9,23.0,100.0,6.94,5.79,186.0,üî• HIGH-SPEED CARVE!
1772089859.394,65.5,0,0,200.0,200.0,1,6.05,65.5,-11.8,43.0,80.3,6.94,5.79,186.0,üî• HIGH-SPEED CARVE!
1772089859.451,71.9,0,0,200.0,200.0,1,9.73,60.8,-6.4,51.9,69.8,6.99,5.79,186.0,üêç SLALOM (Urg: 0.80)
1772089859.508,70.5,0,0,200.0,200.0,1,9.73,57.6,-2.0,53.8,61.4,6.99,5.79,186.0,üêç SLALOM (Urg: 0.81)
1772089859.564,68.2,0,0,200.0,200.0,1,9.73,61.9,21.7,73.8,41.4,6.99,5.79,186.0,üî• HIGH-SPEED CARVE!
1772089859.621,63.7,0,0,200.0,200.0,1,0.62,64.9,31.9,93.8,26.7,6.88,5.79,186.0,üî• HIGH-SPEED CARVE!
1772089859.677,62.4,0,0,200.0,200.0,1,0.62,67.1,36.3,100.0,22.2,6.88,5.79,186.0,üî• HIGH-SPEED CARVE!
1772089859.733,57.3,0,0,200.0,200.0,1,-9.33,68.5,38.9,100.0,18.4,7.00,5.79,186.0,üî• HIGH-SPEED CARVE!
1772089859.789,56.8,0,0,200.0,200.0,1,-9.33,69.6,40.0,100.0,17.8,7.00,5.79,186.0,üî• HIGH-SPEED CARVE!
1772089859.845,59.5,0,0,200.0,200.0,1,-9.33,70.3,40.0,100.0,18.3,7.00,5.79,186.0,üî• HIGH-SPEED CARVE!
1772089859.901,55.9,0,0,200.0,200.0,1,-20.44,70.8,40.6,100.0,16.3,7.03,5.79,186.0,üî• HIGH-SPEED CARVE!
1772089859.957,57.1,0,0,200.0,200.0,1,-20.44,71.2,40.6,100.0,16.5,7.03,5.79,186.0,üî• HIGH-SPEED CARVE!
1772089860.013,56.0,0,0,200.0,200.0,1,-20.44,71.4,40.8,100.0,16.5,7.03,5.79,186.0,üî• HIGH-SPEED CARVE!
1772089860.069,56.0,0,0,200.0,200.0,1,-13.62,71.6,40.9,100.0,17.5,7.06,5.79,186.0,üî• HIGH-SPEED CARVE!
1772089860.125,55.7,0,0,200.0,200.0,1,-13.62,71.7,41.0,100.0,17.5,7.06,5.79,186.0,üî• HIGH-SPEED CARVE!
1772089860.181,53.4,0,0,200.0,200.0,1,-13.62,71.8,41.4,100.0,17.0,7.06,5.79,186.0,üî• HIGH-SPEED CARVE!
1772089860.236,49.3,0,0,200.0,200.0,1,-31.73,71.9,42.3,100.0,13.6,7.03,5.79,186.0,üî• HIGH-SPEED CARVE!
1772089860.292,47.7,0,0,200.0,200.0,1,-31.73,71.9,42.9,100.0,13.0,7.03,5.79,186.0,üî• HIGH-SPEED CARVE!
1772089860.347,42.6,0,0,200.0,200.0,1,-31.73,71.9,44.0,100.0,11.8,7.03,5.79,186.0,üî• HIGH-SPEED CARVE!
1772089860.402,38.5,0,0,200.0,200.0,1,-20.27,72.0,44.9,100.0,12.4,7.08,5.79,186.0,üî• HIGH-SPEED CARVE!
1772089860.456,38.3,0,0,200.0,200.0,1,-20.27,72.0,45.3,100.0,12.1,7.08,5.79,186.0,üî• HIGH-SPEED CARVE!
1772089860.511,36.0,0,0,200.0,200.0,1,-26.26,72.0,45.4,100.0,11.2,7.06,5.79,186.0,üî• HIGH-SPEED CARVE!
1772089860.566,41.0,0,0,200.0,200.0,1,-26.26,72.0,45.3,100.0,11.3,7.06,5.79,186.0,üî• HIGH-SPEED CARVE!
1772089860.621,32.4,0,0,200.0,200.0,1,-26.26,72.0,45.4,100.0,11.2,7.06,5.79,186.0,üî• HIGH-SPEED CARVE!
1772089860.675,30.8,0,0,200.0,200.0,1,-23.19,72.0,45.5,100.0,11.5,7.10,5.79,186.0,üî• HIGH-SPEED CARVE!
1772089860.730,28.5,0,0,200.0,200.0,1,-23.19,72.0,45.5,100.0,11.5,7.10,5.79,186.0,üî• HIGH-SPEED CARVE!
1772089860.784,29.1,0,0,200.0,200.0,1,-23.19,72.0,45.5,100.0,11.5,7.10,5.79,186.0,üî• HIGH-SPEED CARVE!
1772089860.838,29.6,0,0,200.0,200.0,1,-38.79,72.0,45.5,100.0,9.5,7.08,5.79,186.0,üî• HIGH-SPEED CARVE!
1772089860.892,24.2,0,0,200.0,200.0,1,-38.79,72.0,45.5,100.0,9.5,7.08,5.79,186.0,üî• HIGH-SPEED CARVE!
1772089860.946,22.6,0,0,200.0,200.0,1,-38.79,72.0,45.5,100.0,9.5,7.08,5.79,186.0,üî• HIGH-SPEED CARVE!
1772089861.000,22.8,0,0,200.0,200.0,1,-42.76,72.0,45.5,100.0,9.0,7.08,5.79,186.0,üî• HIGH-SPEED CARVE!
1772089861.054,20.3,0,0,200.0,200.0,1,-42.76,72.0,45.5,100.0,9.0,7.08,5.79,186.0,üî• HIGH-SPEED CARVE!
1772089862.217,39.9,0,0,200.0,200.0,1,54.89,21.6,27.3,80.0,80.0,6.58,5.79,132.0,üî• HIGH-SPEED CARVE!
1772089862.272,41.7,0,0,200.0,200.0,1,54.89,36.7,37.9,73.2,60.0,6.58,5.79,132.0,üî• HIGH-SPEED CARVE!
1772089862.326,40.1,0,0,200.0,200.0,1,54.89,47.3,42.4,89.2,40.0,6.58,5.79,132.0,üî• HIGH-SPEED CARVE!
1772089862.381,40.1,0,0,200.0,200.0,1,11.50,54.7,44.3,100.0,20.0,6.58,5.78,72.0,üî• HIGH-SPEED CARVE!
1772089862.436,39.4,0,0,200.0,200.0,1,11.50,59.9,45.0,100.0,7.7,6.58,5.78,72.0,üî• HIGH-SPEED CARVE!
1772089862.491,38.2,0,0,200.0,200.0,1,11.50,63.5,45.3,100.0,10.2,6.58,5.78,72.0,üî• HIGH-SPEED CARVE!
1772089862.546,36.0,0,0,200.0,200.0,1,-11.41,66.1,45.4,100.0,8.9,6.96,5.79,72.0,üî• HIGH-SPEED CARVE!
1772089862.601,38.5,0,0,200.0,200.0,1,-11.41,67.8,45.5,100.0,10.1,6.96,5.79,72.0,üî• HIGH-SPEED CARVE!
1772089862.656,35.8,0,0,200.0,63.8,1,-11.41,69.1,-41.8,80.0,30.1,6.96,5.79,72.0,üî• HIGH-SPEED CARVE!
1772089862.710,30.6,0,0,200.0,63.8,1,-41.22,70.0,-76.7,60.0,50.1,7.01,5.79,72.0,üî• HIGH-SPEED CARVE!
1772089862.764,28.9,0,0,200.0,63.8,1,-41.22,70.6,-90.7,40.0,70.1,7.01,5.79,72.0,üî• HIGH-SPEED CARVE!
1772089862.819,29.1,0,0,42.9,63.8,1,-41.22,59.9,-70.3,20.0,90.1,7.01,5.79,72.0,üêç SLALOM (Urg: 1.00)
1772089862.874,29.1,0,0,42.9,63.8,1,-27.31,52.4,-53.9,6.3,100.0,6.74,5.79,72.0,üêç SLALOM (Urg: 1.00)
1772089862.929,33.5,0,0,42.9,63.8,1,-27.31,47.2,-40.8,3.1,91.3,6.74,5.79,72.0,üêç SLALOM (Urg: 1.00)
1772089862.983,33.2,0,0,42.9,41.3,1,-27.31,43.5,-36.5,4.6,82.5,6.74,5.79,72.0,üêç SLALOM (Urg: 1.00)
1772089863.038,32.4,0,0,42.9,41.3,1,56.03,41.0,-33.1,6.4,88.4,6.99,5.79,72.0,üêç SLALOM (Urg: 1.00)
1772089863.092,31.7,0,0,42.9,41.3,1,56.03,39.2,-30.3,5.0,83.3,6.99,5.79,72.0,üêç SLALOM (Urg: 1.00)
1772089863.147,31.9,0,0,20.3,41.3,1,56.03,37.9,-21.9,3.7,72.2,6.99,5.79,72.0,üêç SLALOM (Urg: 1.00)
1772089863.201,35.5,0,0,20.3,41.3,1,60.93,37.1,-15.2,9.9,64.2,7.02,5.79,72.0,üêç SLALOM (Urg: 1.00)
1772089863.259,83.3,0,0,20.3,200.0,1,60.93,42.7,2.2,29.9,49.2,7.02,5.79,72.0,üêç SLALOM (Urg: 0.73)
1772089863.316,78.7,0,0,20.3,200.0,1,56.38,46.1,16.8,49.9,34.8,7.04,5.79,72.0,üêç SLALOM (Urg: 0.76)
1772089863.374,78.6,0,0,20.3,200.0,1,56.38,48.5,28.4,69.9,23.4,7.04,5.79,72.0,üêç SLALOM (Urg: 0.76)
1772089863.431,77.5,0,0,200.0,200.0,1,56.38,49.8,25.7,71.7,28.0,7.04,5.79,72.0,üêç SLALOM (Urg: 0.77)
1772089863.488,77.6,0,0,200.0,200.0,1,31.46,50.8,23.5,73.8,27.8,6.94,5.79,99.0,üêç SLALOM (Urg: 0.77)
1772089863.545,76.3,0,0,200.0,200.0,1,31.46,51.4,21.8,72.4,30.5,6.94,5.79,99.0,üêç SLALOM (Urg: 0.77)
1772089863.602,75.1,0,0,200.0,45.7,1,31.46,51.6,4.2,52.4,50.5,6.94,5.79,99.0,üêç SLALOM (Urg: 0.78)
1772089863.659,75.0,0,0,200.0,45.7,1,-12.98,51.7,-9.9,42.0,61.5,6.95,5.78,99.0,üêç SLALOM (Urg: 0.78)
1772089863.717,82.5,0,0,200.0,45.7,1,-12.98,53.0,-20.4,30.9,75.1,6.95,5.78,99.0,üêç SLALOM (Urg: 0.73)
1772089863.773,73.2,0,0,200.0,45.7,1,-2.66,52.4,-29.8,17.7,87.1,6.85,5.79,99.0,üêç SLALOM (Urg: 0.79)
1772089863.831,78.6,0,0,200.0,45.7,1,-2.66,52.9,-36.7,10.0,95.8,6.85,5.79,99.0,üêç SLALOM (Urg: 0.76)
1772089863.888,78.2,0,0,200.0,200.0,1,-2.66,53.2,-26.4,22.4,84.0,6.85,5.79,99.0,üêç SLALOM (Urg: 0.76)
1772089863.945,74.9,0,0,200.0,200.0,1,1.75,52.9,-18.1,31.2,74.5,7.01,5.79,99.0,üêç SLALOM (Urg: 0.78)
1772089864.002,70.6,0,0,200.0,200.0,1,1.75,52.0,-11.4,38.3,65.7,7.01,5.79,99.0,üêç SLALOM (Urg: 0.81)
1772089864.058,66.8,0,0,200.0,200.0,1,1.75,58.0,18.2,58.3,45.7,7.01,5.79,99.0,üî• HIGH-SPEED CARVE!
1772089864.114,65.2,0,0,200.0,200.0,1,12.47,62.2,30.3,78.3,28.4,6.91,5.79,99.0,üî• HIGH-SPEED CARVE!
1772089864.172,71.3,0,0,200.0,200.0,1,12.47,58.5,27.3,88.9,28.2,6.91,5.79,99.0,üêç SLALOM (Urg: 0.80)
1772089864.233,140.4,0,0,200.0,200.0,1,12.47,66.5,23.3,92.1,40.9,6.91,5.79,99.0,üêç SLALOM (Urg: 0.37)
1772089864.290,67.2,0,0,200.0,200.0,1,-10.11,68.1,32.0,100.0,26.9,6.94,5.79,99.0,üî• HIGH-SPEED CARVE!
1772089864.346,59.9,0,0,200.0,200.0,1,-10.11,69.3,36.7,100.0,21.4,6.94,5.79,99.0,üî• HIGH-SPEED CARVE!
1772089864.402,64.1,0,0,200.0,200.0,1,-4.07,70.1,37.9,100.0,21.5,6.94,5.79,99.0,üî• HIGH-SPEED CARVE!
1772089864.463,134.1,0,0,200.0,200.0,1,-4.07,73.7,31.9,100.0,31.7,6.94,5.79,99.0,üêç SLALOM (Urg: 0.41)
1772089864.519,67.6,0,0,200.0,200.0,1,-4.07,73.2,35.3,100.0,26.7,6.94,5.79,99.0,üî• HIGH-SPEED CARVE!
1772089864.576,57.8,0,0,200.0,200.0,1,-3.88,72.8,38.4,100.0,22.7,6.91,5.79,159.0,üî• HIGH-SPEED CARVE!
1772089864.632,63.7,0,0,200.0,200.0,1,-3.88,72.6,38.6,100.0,22.3,6.91,5.79,159.0,üî• HIGH-SPEED CARVE!
1772089864.688,62.0,0,0,200.0,200.0,1,-3.88,72.4,39.0,100.0,21.7,6.91,5.79,159.0,üî• HIGH-SPEED CARVE!
1772089864.744,58.7,0,0,200.0,200.0,1,-15.32,72.3,39.7,100.0,19.0,6.96,5.79,159.0,üî• HIGH-SPEED CARVE!
1772089864.800,56.6,0,0,200.0,200.0,1,-15.32,72.2,40.4,100.0,18.2,6.96,5.79,159.0,üî• HIGH-SPEED CARVE!
1772089864.856,56.7,0,0,200.0,200.0,1,-15.32,72.1,40.6,100.0,17.9,6.96,5.79,159.0,üî• HIGH-SPEED CARVE!
1772089864.912,51.5,0,0,200.0,200.0,1,-15.02,72.1,41.6,100.0,16.8,6.99,5.79,159.0,üî• HIGH-SPEED CARVE!
1772089864.967,52.0,0,0,200.0,200.0,1,-15.02,72.1,41.9,100.0,16.5,6.99,5.79,159.0,üî• HIGH-SPEED CARVE!
1772089865.023,49.5,0,0,200.0,200.0,1,-15.41,72.0,42.4,100.0,15.8,7.02,5.79,159.0,üî• HIGH-SPEED CARVE!
1772089865.078,45.4,0,0,200.0,200.0,1,-15.41,72.0,43.4,100.0,14.8,7.02,5.79,159.0,üî• HIGH-SPEED CARVE!
1772089865.133,43.6,0,0,200.0,200.0,1,-15.41,72.0,44.0,100.0,14.1,7.02,5.79,159.0,üî• HIGH-SPEED CARVE!
1772089865.188,42.6,0,0,200.0,200.0,1,-13.97,72.0,44.5,100.0,13.8,7.01,5.79,159.0,üî• HIGH-SPEED CARVE!
1772089865.243,40.1,0,0,166.6,200.0,1,-13.97,72.0,43.8,100.0,14.5,7.01,5.79,159.0,üî• HIGH-SPEED CARVE!
1772089865.298,39.4,0,0,166.6,200.0,1,-13.97,72.0,43.6,100.0,14.7,7.01,5.79,159.0,üî• HIGH-SPEED CARVE!
1772089865.353,38.5,0,0,166.6,200.0,1,-49.17,72.0,43.5,100.0,10.2,7.00,5.79,159.0,üî• HIGH-SPEED CARVE!
1772089865.408,38.1,0,0,166.6,200.0,1,-49.17,72.0,43.4,100.0,10.2,7.00,5.79,159.0,üî• HIGH-SPEED CARVE!
1772089865.463,36.5,0,0,166.6,200.0,1,-49.17,72.0,43.4,100.0,10.2,7.00,5.79,159.0,üî• HIGH-SPEED CARVE!
1772089865.518,35.8,0,0,200.0,200.0,1,-11.05,72.0,44.7,100.0,14.0,6.99,5.79,159.0,üî• HIGH-SPEED CARVE!
1772089865.572,36.2,0,0,200.0,200.0,1,-11.05,72.0,45.2,100.0,13.4,6.99,5.79,159.0,üî• HIGH-SPEED CARVE!
1772089865.627,35.5,0,0,200.0,200.0,1,-11.05,72.0,45.4,100.0,13.2,6.99,5.79,159.0,üî• HIGH-SPEED CARVE!
1772089865.682,35.8,0,0,200.0,18.1,1,0.02,72.0,-41.9,80.0,33.2,6.95,5.79,138.0,üî• HIGH-SPEED CARVE!
1772089865.738,62.0,0,0,200.0,18.1,1,0.02,72.0,-76.7,60.0,53.2,6.95,5.79,138.0,üî• HIGH-SPEED CARVE!
1772089865.795,60.7,0,0,200.0,18.1,1,2.16,72.0,-90.7,40.0,73.2,6.84,5.79,138.0,üî• HIGH-SPEED CARVE!
1772089865.850,42.8,0,0,200.0,18.1,1,2.16,72.0,-96.3,20.0,93.2,6.84,5.79,138.0,üî• HIGH-SPEED CARVE!
1772089865.905,41.7,0,0,200.0,18.1,1,2.16,72.0,-98.5,16.3,100.0,6.84,5.79,138.0,üî• HIGH-SPEED CARVE!
1772089865.960,39.2,0,0,200.0,200.0,1,38.95,72.0,-12.1,36.3,92.1,6.84,5.79,138.0,üî• HIGH-SPEED CARVE!
1772089866.015,41.9,0,0,200.0,200.0,1,38.95,72.0,22.1,56.3,72.1,6.84,5.79,138.0,üî• HIGH-SPEED CARVE!
1772089866.070,39.7,0,0,200.0,200.0,1,38.95,72.0,36.2,76.3,52.1,6.84,5.79,138.0,üî• HIGH-SPEED CARVE!
1772089866.125,39.6,0,0,200.0,200.0,1,7.90,72.0,41.8,96.3,32.1,6.64,5.78,138.0,üî• HIGH-SPEED CARVE!
1772089866.179,38.3,0,0,200.0,200.0,1,7.90,72.0,44.0,100.0,17.3,6.64,5.78,138.0,üî• HIGH-SPEED CARVE!
1772089866.235,56.2,0,0,200.0,200.0,1,7.90,72.0,42.1,100.0,19.5,6.64,5.78,138.0,üî• HIGH-SPEED CARVE!
1772089866.291,39.9,0,0,200.0,200.0,1,1.76,72.0,44.2,100.0,16.3,6.85,5.79,138.0,üî• HIGH-SPEED CARVE!
1772089866.345,36.3,0,0,200.0,200.0,1,1.76,72.0,45.0,100.0,15.4,6.85,5.79,138.0,üî• HIGH-SPEED CARVE!
1772089866.400,36.5,0,0,200.0,200.0,1,1.76,72.0,45.3,100.0,15.0,6.85,5.79,138.0,üî• HIGH-SPEED CARVE!
1772089866.456,53.9,0,0,200.0,200.0,1,-18.55,72.0,43.0,100.0,14.7,6.91,5.79,138.0,üî• HIGH-SPEED CARVE!
1772089866.510,28.8,0,0,200.0,200.0,1,-18.55,72.0,44.5,100.0,13.1,6.91,5.79,138.0,üî• HIGH-SPEED CARVE!
1772089866.566,51.0,0,0,200.0,200.0,1,-18.55,72.0,43.2,100.0,14.5,6.91,5.79,138.0,üî• HIGH-SPEED CARVE!
1772089866.621,49.6,0,0,200.0,200.0,1,-34.25,72.0,42.9,100.0,12.7,6.97,5.79,138.0,üî• HIGH-SPEED CARVE!
1772089866.677,49.3,0,0,200.0,200.0,1,-34.25,72.0,42.9,100.0,12.7,6.97,5.79,138.0,üî• HIGH-SPEED CARVE!
1772089866.732,48.9,0,0,200.0,200.0,1,2.79,72.0,42.9,100.0,17.8,7.00,5.79,84.0,üî• HIGH-SPEED CARVE!
1772089866.788,58.2,0,0,200.0,200.0,1,2.79,72.0,41.4,100.0,19.6,7.00,5.79,84.0,üî• HIGH-SPEED CARVE!
1772089866.844,57.1,0,0,200.0,200.0,1,2.79,72.0,40.9,100.0,20.1,7.00,5.79,84.0,üî• HIGH-SPEED CARVE!
1772089866.901,49.5,0,0,200.0,200.0,1,-10.74,72.0,42.1,100.0,16.8,6.91,5.79,84.0,üî• HIGH-SPEED CARVE!
1772089866.956,46.6,0,0,200.0,200.0,1,-10.74,72.0,43.0,100.0,15.8,6.91,5.79,84.0,üî• HIGH-SPEED CARVE!
1772089867.011,45.0,0,0,200.0,200.0,1,-10.74,72.0,43.6,100.0,15.1,6.91,5.79,84.0,üî• HIGH-SPEED CARVE!
1772089867.067,55.7,0,0,200.0,200.0,1,7.11,72.0,42.1,100.0,19.4,6.89,5.79,84.0,üî• HIGH-SPEED CARVE!
1772089867.122,44.6,0,0,200.0,200.0,1,7.11,72.0,43.3,100.0,18.0,6.89,5.79,84.0,üî• HIGH-SPEED CARVE!
1772089867.177,43.0,0,0,200.0,200.0,1,7.11,72.0,44.1,100.0,17.1,6.89,5.79,84.0,üî• HIGH-SPEED CARVE!
1772089867.233,43.6,0,0,200.0,200.0,1,4.43,72.0,44.3,100.0,16.5,6.89,5.79,84.0,üî• HIGH-SPEED CARVE!
1772089867.288,42.4,0,0,200.0,200.0,1,4.43,72.0,44.6,100.0,16.1,6.89,5.79,84.0,üî• HIGH-SPEED CARVE!
1772089867.344,50.3,0,0,200.0,200.0,1,4.43,72.0,43.4,100.0,17.5,6.89,5.79,84.0,üî• HIGH-SPEED CARVE!
1772089867.399,42.8,0,0,200.0,200.0,1,-8.13,72.0,44.2,100.0,14.9,6.91,5.79,84.0,üî• HIGH-SPEED CARVE!
1772089867.456,80.6,0,0,200.0,200.0,1,-8.13,66.9,38.2,100.0,18.2,6.91,5.79,84.0,üêç SLALOM (Urg: 0.75)
1772089867.513,80.8,0,0,200.0,200.0,1,3.09,63.3,33.4,100.0,23.8,6.92,5.79,84.0,üêç SLALOM (Urg: 0.74)
1772089867.571,79.8,0,0,200.0,200.0,1,3.09,60.5,29.6,95.0,26.0,6.92,5.79,84.0,üêç SLALOM (Urg: 0.75)
1772089867.628,80.9,0,0,200.0,200.0,1,3.09,58.9,26.6,89.8,28.0,6.92,5.79,84.0,üêç SLALOM (Urg: 0.74)
1772089867.685,79.4,0,0,200.0,200.0,1,2.31,57.4,24.2,85.6,29.2,6.84,5.78,84.0,üêç SLALOM (Urg: 0.75)
1772089867.742,78.3,0,0,200.0,200.0,1,2.31,56.4,22.3,82.3,30.5,6.84,5.78,84.0,üêç SLALOM (Urg: 0.76)
1772089867.800,77.6,0,0,200.0,200.0,1,2.31,55.4,20.8,79.5,31.2,6.84,5.78,84.0,üêç SLALOM (Urg: 0.77)
1772089867.854,36.0,0,0,200.0,200.0,1,-9.04,60.4,35.6,99.5,16.4,6.80,5.78,84.0,üî• HIGH-SPEED CARVE!
1772089867.911,75.3,0,0,200.0,200.0,1,-9.04,57.9,31.5,96.4,19.3,6.80,5.78,84.0,üêç SLALOM (Urg: 0.78)
1772089867.965,21.3,0,0,200.0,200.0,1,-9.04,62.1,39.9,100.0,12.4,6.80,5.78,84.0,üî• HIGH-SPEED CARVE!
1772089868.022,73.8,0,0,200.0,200.0,1,3.73,58.8,35.0,99.5,18.1,6.87,5.79,84.0,üêç SLALOM (Urg: 0.79)
1772089868.079,73.8,0,0,200.0,200.0,1,3.73,56.4,31.0,92.5,20.4,6.87,5.79,84.0,üêç SLALOM (Urg: 0.79)
1772089868.136,71.9,0,0,200.0,200.0,1,4.43,54.5,27.9,86.7,22.3,6.90,5.79,84.0,üêç SLALOM (Urg: 0.80)
1772089868.193,71.7,0,0,200.0,200.0,1,4.43,53.2,25.4,82.5,23.9,6.90,5.79,84.0,üêç SLALOM (Urg: 0.80)
1772089868.250,70.6,0,0,200.0,200.0,1,4.43,52.2,23.4,79.2,25.2,6.90,5.79,84.0,üêç SLALOM (Urg: 0.81)
1772089868.306,70.7,0,0,200.0,200.0,1,8.69,51.5,21.9,76.0,27.1,6.88,5.79,84.0,üêç SLALOM (Urg: 0.81)
1772089868.363,68.0,0,0,200.0,200.0,1,8.69,57.7,31.3,93.3,22.1,6.88,5.79,84.0,üî• HIGH-SPEED CARVE!
1772089868.420,69.3,0,0,200.0,200.0,1,8.69,62.0,34.8,100.0,21.8,6.88,5.79,84.0,üî• HIGH-SPEED CARVE!
1772089868.476,68.3,0,0,200.0,200.0,1,-4.37,65.0,36.4,100.0,19.7,6.84,5.79,84.0,üî• HIGH-SPEED CARVE!
1772089868.533,68.1,0,0,200.0,200.0,1,-4.37,67.1,37.1,100.0,20.4,6.84,5.79,84.0,üî• HIGH-SPEED CARVE!
1772089868.589,67.0,0,0,200.0,200.0,1,-4.37,68.6,37.5,100.0,20.8,6.84,5.79,84.0,üî• HIGH-SPEED CARVE!
1772089868.646,66.3,0,0,200.0,200.0,1,0.37,69.6,37.8,100.0,21.9,6.84,5.79,84.0,üî• HIGH-SPEED CARVE!
1772089868.701,35.8,0,0,200.0,46.7,1,0.37,70.3,-44.9,80.0,41.9,6.84,5.79,84.0,üî• HIGH-SPEED CARVE!
1772089868.757,65.0,0,0,200.0,46.7,1,-5.83,70.8,-78.0,60.0,61.9,6.83,5.79,84.0,üî• HIGH-SPEED CARVE!
1772089868.813,64.1,0,0,200.0,46.7,1,-5.83,71.2,-91.2,40.0,81.9,6.83,5.79,84.0,üî• HIGH-SPEED CARVE!
1772089868.868,36.5,0,0,200.0,46.7,1,-5.83,71.4,-96.5,20.0,100.0,6.83,5.79,84.0,üî• HIGH-SPEED CARVE!
1772089870.034,77.5,0,0,200.0,200.0,1,38.98,15.9,2.9,80.0,80.0,6.52,5.79,96.0,üêç SLALOM (Urg: 0.77)
1772089870.088,22.8,0,0,200.0,200.0,1,38.98,32.7,28.5,60.5,60.0,6.52,5.79,96.0,üî• HIGH-SPEED CARVE!
1772089870.145,80.0,0,0,200.0,200.0,1,38.98,39.1,25.7,63.6,40.0,6.52,5.79,96.0,üêç SLALOM (Urg: 0.75)
1772089870.199,20.9,0,0,200.0,200.0,1,31.56,49.0,37.6,83.6,20.0,6.55,5.79,96.0,üî• HIGH-SPEED CARVE!
1772089870.253,20.3,0,0,200.0,200.0,1,31.56,55.9,42.3,100.0,10.6,6.55,5.79,96.0,üî• HIGH-SPEED CARVE!
1772089870.310,75.0,0,0,200.0,200.0,1,-3.77,54.7,36.9,98.8,10.6,6.84,5.79,96.0,üêç SLALOM (Urg: 0.78)
1772089870.367,73.4,0,0,200.0,200.0,1,-3.77,53.6,32.5,92.6,14.6,6.84,5.79,96.0,üêç SLALOM (Urg: 0.79)
1772089870.423,72.8,0,0,200.0,200.0,1,-3.77,52.8,29.1,87.7,17.9,6.84,5.79,96.0,üêç SLALOM (Urg: 0.80)
1772089870.480,71.0,0,0,200.0,200.0,1,-28.60,52.0,26.4,87.4,16.6,6.93,5.79,96.0,üêç SLALOM (Urg: 0.81)
1772089870.537,69.9,0,0,200.0,200.0,1,-28.60,58.0,32.7,100.0,14.9,6.93,5.79,96.0,üî• HIGH-SPEED CARVE!
1772089870.594,69.9,0,0,200.0,200.0,1,-28.60,62.2,35.3,100.0,15.0,6.93,5.79,96.0,üî• HIGH-SPEED CARVE!
1772089870.650,68.8,0,0,137.1,200.0,1,-35.76,65.1,54.3,100.0,3.2,6.91,5.79,96.0,üî• HIGH-SPEED CARVE!
1772089870.707,68.3,0,0,137.1,200.0,1,-35.76,67.2,62.1,100.0,7.9,6.91,5.79,96.0,üî• HIGH-SPEED CARVE!
1772089870.764,67.0,0,0,137.1,200.0,1,-35.76,68.6,65.6,100.0,9.4,6.91,5.79,96.0,üî• HIGH-SPEED CARVE!
1772089870.820,65.5,0,0,137.1,200.0,1,-11.11,69.6,67.5,100.0,7.7,6.95,5.79,96.0,üî• HIGH-SPEED CARVE!
1772089870.876,64.1,0,0,137.1,200.0,1,-11.11,70.4,68.7,100.0,8.1,6.95,5.79,96.0,üî• HIGH-SPEED CARVE!
1772089870.933,64.3,0,0,200.0,200.0,1,-43.86,70.8,50.6,100.0,3.3,6.93,5.79,96.0,üî• HIGH-SPEED CARVE!
1772089870.989,64.5,0,0,200.0,200.0,1,-43.86,71.2,43.4,100.0,10.4,6.93,5.79,96.0,üî• HIGH-SPEED CARVE!
1772089871.046,64.0,0,0,200.0,200.0,1,-43.86,71.4,40.6,100.0,13.5,6.93,5.79,96.0,üî• HIGH-SPEED CARVE!
1772089872.211,79.5,0,0,200.0,200.0,1,91.95,16.2,2.9,80.0,80.0,6.51,5.79,108.0,üêç SLALOM (Urg: 0.75)
1772089872.268,80.1,0,0,200.0,200.0,1,91.95,27.8,5.2,60.0,60.0,6.51,5.79,108.0,üêç SLALOM (Urg: 0.75)
1772089872.325,78.8,0,0,200.0,200.0,1,38.25,35.7,7.1,40.0,40.0,6.51,5.78,108.0,üêç SLALOM (Urg: 0.76)
1772089872.382,77.8,0,0,200.0,200.0,1,38.25,40.9,8.6,45.3,36.5,6.51,5.78,108.0,üêç SLALOM (Urg: 0.76)
1772089872.439,65.1,0,0,200.0,200.0,1,38.25,50.2,26.5,65.3,24.7,6.51,5.78,108.0,üî• HIGH-SPEED CARVE!
1772089872.496,76.1,0,0,200.0,200.0,1,-0.44,51.1,24.2,79.6,22.5,6.82,5.79,108.0,üêç SLALOM (Urg: 0.77)
1772089872.553,76.3,0,0,200.0,200.0,1,-0.44,51.6,22.3,78.0,25.3,6.82,5.79,108.0,üêç SLALOM (Urg: 0.77)
1772089872.610,74.0,0,0,200.0,200.0,1,-0.44,51.4,20.9,76.1,26.8,6.82,5.79,108.0,üêç SLALOM (Urg: 0.79)
1772089872.667,73.3,0,0,200.0,200.0,1,-6.24,51.3,19.7,75.6,27.1,6.85,5.79,108.0,üêç SLALOM (Urg: 0.79)
1772089872.724,72.1,0,0,200.0,200.0,1,-6.24,51.2,18.9,74.4,28.0,6.85,5.79,108.0,üêç SLALOM (Urg: 0.80)
1772089872.781,70.9,0,0,200.0,200.0,1,-6.24,50.9,18.2,73.3,28.4,6.85,5.79,108.0,üêç SLALOM (Urg: 0.81)
1772089872.838,69.8,0,0,200.0,200.0,1,-19.15,57.2,29.5,93.3,19.5,6.83,5.79,108.0,üî• HIGH-SPEED CARVE!
1772089872.894,72.7,0,0,200.0,200.0,1,-19.15,55.3,26.7,89.7,21.0,6.83,5.79,108.0,üêç SLALOM (Urg: 0.80)
1772089872.951,71.0,0,0,200.0,200.0,1,-4.32,53.7,24.4,83.2,24.3,6.85,5.78,108.0,üêç SLALOM (Urg: 0.81)
1772089873.008,69.3,0,0,200.0,200.0,1,-4.32,59.2,32.1,97.7,20.7,6.85,5.78,108.0,üî• HIGH-SPEED CARVE!
1772089873.064,66.0,0,0,200.0,200.0,1,-4.32,63.1,35.7,100.0,19.2,6.85,5.78,108.0,üî• HIGH-SPEED CARVE!
1772089873.121,64.4,0,0,200.0,200.0,1,-6.40,65.7,37.4,100.0,18.6,6.86,5.79,108.0,üî• HIGH-SPEED CARVE!
1772089873.177,63.6,0,0,200.0,200.0,1,-6.40,67.6,38.2,100.0,18.9,6.86,5.79,108.0,üî• HIGH-SPEED CARVE!
1772089873.234,62.1,0,0,200.0,200.0,1,-6.40,68.9,38.8,100.0,19.2,6.86,5.79,108.0,üî• HIGH-SPEED CARVE!
1772089873.290,63.0,0,0,200.0,200.0,1,-13.01,69.9,38.9,100.0,18.7,6.90,5.79,105.0,üî• HIGH-SPEED CARVE!
1772089873.346,61.6,0,0,200.0,200.0,1,-13.01,70.5,39.2,100.0,18.8,6.90,5.79,105.0,üî• HIGH-SPEED CARVE!
1772089873.402,61.7,0,0,200.0,200.0,1,-13.01,70.9,39.3,100.0,19.0,6.90,5.79,105.0,üî• HIGH-SPEED CARVE!
1772089873.459,58.4,0,0,200.0,200.0,1,-29.96,71.3,39.9,100.0,16.1,6.93,5.79,105.0,üî• HIGH-SPEED CARVE!
1772089873.514,55.7,0,0,200.0,200.0,1,-29.96,71.5,40.6,100.0,15.4,6.93,5.79,105.0,üî• HIGH-SPEED CARVE!
1772089873.571,56.7,0,0,200.0,200.0,1,-41.78,71.6,40.7,100.0,13.8,6.94,5.79,105.0,üî• HIGH-SPEED CARVE!
1772089873.626,56.1,0,0,200.0,200.0,1,-41.78,71.7,40.8,100.0,13.7,6.94,5.79,105.0,üî• HIGH-SPEED CARVE!
1772089873.682,59.9,0,0,74.9,200.0,1,-41.78,71.8,76.3,100.0,14.6,6.94,5.79,105.0,üî• HIGH-SPEED CARVE!
1772089873.739,61.2,0,0,74.9,200.0,1,-43.20,71.9,90.5,100.0,16.4,6.94,5.79,105.0,üî• HIGH-SPEED CARVE!
1772089873.795,59.6,0,0,74.9,47.8,1,-43.20,63.5,69.8,100.0,16.6,6.94,5.79,105.0,üêç SLALOM (Urg: 0.88)
1772089873.851,59.9,0,0,74.9,47.8,1,-43.20,57.7,53.2,100.0,9.2,6.94,5.79,105.0,üêç SLALOM (Urg: 0.88)
1772089873.908,69.1,0,0,74.9,47.8,1,-51.56,55.1,40.2,100.0,0.0,6.90,5.79,105.0,üêç SLALOM (Urg: 0.82)
1772089873.964,58.2,0,0,200.0,47.8,1,-51.56,60.1,-43.9,80.0,20.0,6.90,5.79,105.0,üî• HIGH-SPEED CARVE!
1772089874.020,67.9,0,0,200.0,47.8,1,-51.56,63.7,-77.6,60.0,40.0,6.90,5.79,105.0,üî• HIGH-SPEED CARVE!
1772089874.077,68.7,0,0,200.0,47.8,1,11.34,66.2,-91.0,40.0,60.0,6.94,5.79,105.0,üî• HIGH-SPEED CARVE!
1772089874.134,67.6,0,0,200.0,200.0,1,11.34,67.9,-13.8,49.9,80.0,6.94,5.79,105.0,üî• HIGH-SPEED CARVE!
1772089874.190,58.1,0,0,200.0,200.0,1,11.34,69.2,18.7,69.9,60.0,6.94,5.79,105.0,üî• HIGH-SPEED CARVE!
1772089874.246,62.5,0,0,200.0,200.0,1,4.16,70.0,30.9,89.9,40.0,6.65,5.79,105.0,üî• HIGH-SPEED CARVE!
1772089874.303,69.0,0,0,200.0,200.0,1,4.16,70.6,34.7,100.0,27.3,6.65,5.79,105.0,üî• HIGH-SPEED CARVE!
1772089874.359,69.3,0,0,200.0,200.0,1,-20.73,71.0,36.2,100.0,21.6,6.59,5.78,141.0,üî• HIGH-SPEED CARVE!
1772089874.415,58.6,0,0,200.0,35.5,1,-20.73,71.3,-45.5,80.0,41.6,6.59,5.78,141.0,üî• HIGH-SPEED CARVE!
1772089874.472,68.0,0,0,200.0,35.5,1,-20.73,71.5,-78.2,60.0,61.6,6.59,5.78,141.0,üî• HIGH-SPEED CARVE!
1772089874.529,69.2,0,0,200.0,35.5,1,-7.98,71.7,-91.3,40.0,81.6,6.62,5.79,141.0,üî• HIGH-SPEED CARVE!
1772089874.585,59.3,0,0,128.4,35.5,1,-7.98,71.8,-96.5,20.0,100.0,6.62,5.79,141.0,üî• HIGH-SPEED CARVE!
1772089874.641,59.2,0,0,128.4,35.5,1,-7.98,71.8,-98.6,16.4,100.0,6.62,5.79,141.0,üî• HIGH-SPEED CARVE!
1772089874.697,58.2,0,0,128.4,200.0,1,23.08,71.9,10.0,36.4,80.0,6.62,5.79,141.0,üî• HIGH-SPEED CARVE!
1772089874.754,67.2,0,0,128.4,200.0,1,23.08,71.9,50.4,56.4,60.0,6.62,5.79,141.0,üî• HIGH-SPEED CARVE!
1772089874.811,69.1,0,0,128.4,200.0,1,23.08,71.9,65.8,76.4,40.0,6.62,5.79,141.0,üî• HIGH-SPEED CARVE!
1772089874.867,59.1,0,0,200.0,200.0,1,-0.17,72.0,50.4,96.4,20.0,6.59,5.78,141.0,üî• HIGH-SPEED CARVE!
1772089874.923,59.4,0,0,200.0,200.0,1,-0.17,72.0,44.1,100.0,16.0,6.59,5.78,141.0,üî• HIGH-SPEED CARVE!
1772089874.979,67.6,0,0,200.0,200.0,1,-6.62,72.0,40.3,100.0,19.5,6.74,5.79,141.0,üî• HIGH-SPEED CARVE!
1772089875.036,69.2,0,0,200.0,200.0,1,-6.62,72.0,38.4,100.0,21.7,6.74,5.79,141.0,üî• HIGH-SPEED CARVE!
1772089875.092,59.2,0,0,200.0,200.0,1,-6.62,72.0,39.4,100.0,20.5,6.74,5.79,141.0,üî• HIGH-SPEED CARVE!
1772089875.149,69.2,0,0,200.0,200.0,1,-7.25,72.0,38.1,100.0,22.0,6.78,5.78,141.0,üî• HIGH-SPEED CARVE!
1772089875.205,58.0,0,0,200.0,200.0,1,-7.25,72.0,39.5,100.0,20.3,6.78,5.78,141.0,üî• HIGH-SPEED CARVE!
1772089875.261,58.2,0,0,200.0,200.0,1,-7.25,72.0,40.0,100.0,19.7,6.78,5.78,141.0,üî• HIGH-SPEED CARVE!
1772089875.318,68.4,0,0,200.0,200.0,1,10.82,72.0,38.4,100.0,24.4,6.78,5.79,141.0,üî• HIGH-SPEED CARVE!
1772089875.374,67.6,0,0,200.0,200.0,1,10.82,72.0,38.0,100.0,25.0,6.78,5.79,141.0,üî• HIGH-SPEED CARVE!
1772089875.431,69.1,0,0,200.0,200.0,1,10.82,72.0,37.5,100.0,25.6,6.78,5.79,141.0,üî• HIGH-SPEED CARVE!
1772089875.487,61.4,0,0,200.0,200.0,1,-0.27,72.0,38.7,100.0,22.4,6.72,5.78,0.0,üî• HIGH-SPEED CARVE!
1772089875.543,57.9,0,0,200.0,200.0,1,-0.27,72.0,39.7,100.0,21.1,6.72,5.78,0.0,üî• HIGH-SPEED CARVE!
1772089875.600,59.3,0,0,200.0,200.0,1,1.26,72.0,39.9,100.0,21.1,6.76,5.79,0.0,üî• HIGH-SPEED CARVE!
